date,category,amount
2023-01-01,Salaries,26441
2023-01-01,Office Rent,8222
2023-01-01,Cloud Tools,5400
2023-01-01,Misc,1415
2023-01-02,Salaries,22109
2023-01-02,Office Rent,10655
2023-01-02,Cloud Tools,3623
2023-01-02,Misc,3423
2023-01-03,Salaries,30838
2023-01-03,Office Rent,8404
2023-01-03,Cloud Tools,5976
2023-01-03,Misc,2278
2023-01-04,Salaries,27618
2023-01-04,Office Rent,8389
2023-01-04,Cloud Tools,4648
2023-01-04,Misc,1765
2023-01-05,Salaries,28539
2023-01-05,Office Rent,11573
2023-01-05,Cloud Tools,4345
2023-01-05,Misc,3564
2023-01-06,Salaries,26015
2023-01-06,Office Rent,8329
2023-01-06,Cloud Tools,6534
2023-01-06,Misc,2968
2023-01-07,Salaries,29165
2023-01-07,Office Rent,10139
2023-01-07,Cloud Tools,4245
2023-01-07,Misc,3237
2023-01-08,Salaries,22619
2023-01-08,Office Rent,8204
2023-01-08,Cloud Tools,5259
2023-01-08,Misc,3817
2023-01-09,Salaries,32376
2023-01-09,Office Rent,11819
2023-01-09,Cloud Tools,6002
2023-01-09,Misc,1362
2023-01-10,Salaries,31634
2023-01-10,Office Rent,8331
2023-01-10,Cloud Tools,5968
2023-01-10,Misc,1707
2023-01-11,Salaries,27593
2023-01-11,Office Rent,10891
2023-01-11,Cloud Tools,4478
2023-01-11,Misc,3742
2023-01-12,Salaries,20421
2023-01-12,Office Rent,8762
2023-01-12,Cloud Tools,5783
2023-01-12,Misc,2194
2023-01-13,Salaries,30949
2023-01-13,Office Rent,8248
2023-01-13,Cloud Tools,5228
2023-01-13,Misc,1482
2023-01-14,Salaries,25503
2023-01-14,Office Rent,10836
2023-01-14,Cloud Tools,6475
2023-01-14,Misc,3295
2023-01-15,Salaries,24414
2023-01-15,Office Rent,11011
2023-01-15,Cloud Tools,3699
2023-01-15,Misc,1530
2023-01-16,Salaries,32283
2023-01-16,Office Rent,11827
2023-01-16,Cloud Tools,4136
2023-01-16,Misc,2947
2023-01-17,Salaries,23861
2023-01-17,Office Rent,10610
2023-01-17,Cloud Tools,4367
2023-01-17,Misc,1122
2023-01-18,Salaries,20749
2023-01-18,Office Rent,8318
2023-01-18,Cloud Tools,4597
2023-01-18,Misc,1585
2023-01-19,Salaries,26388
2023-01-19,Office Rent,8543
2023-01-19,Cloud Tools,4480
2023-01-19,Misc,3200
2023-01-20,Salaries,22703
2023-01-20,Office Rent,8014
2023-01-20,Cloud Tools,4466
2023-01-20,Misc,1244
2023-01-21,Salaries,22614
2023-01-21,Office Rent,10601
2023-01-21,Cloud Tools,3898
2023-01-21,Misc,2478
2023-01-22,Salaries,29574
2023-01-22,Office Rent,8051
2023-01-22,Cloud Tools,5058
2023-01-22,Misc,1822
2023-01-23,Salaries,33911
2023-01-23,Office Rent,10274
2023-01-23,Cloud Tools,5161
2023-01-23,Misc,1603
2023-01-24,Salaries,24043
2023-01-24,Office Rent,11158
2023-01-24,Cloud Tools,3592
2023-01-24,Misc,2273
2023-01-25,Salaries,25369
2023-01-25,Office Rent,10984
2023-01-25,Cloud Tools,6492
2023-01-25,Misc,3257
2023-01-26,Salaries,31190
2023-01-26,Office Rent,11592
2023-01-26,Cloud Tools,4004
2023-01-26,Misc,3658
2023-01-27,Salaries,33859
2023-01-27,Office Rent,11128
2023-01-27,Cloud Tools,6134
2023-01-27,Misc,3385
2023-01-28,Salaries,30003
2023-01-28,Office Rent,8724
2023-01-28,Cloud Tools,3814
2023-01-28,Misc,1531
2023-01-29,Salaries,20758
2023-01-29,Office Rent,8005
2023-01-29,Cloud Tools,3584
2023-01-29,Misc,1618
2023-01-30,Salaries,23676
2023-01-30,Office Rent,9534
2023-01-30,Cloud Tools,3796
2023-01-30,Misc,2484
2023-01-31,Salaries,32643
2023-01-31,Office Rent,10266
2023-01-31,Cloud Tools,5414
2023-01-31,Misc,1888
2023-02-01,Salaries,20560
2023-02-01,Office Rent,8363
2023-02-01,Cloud Tools,4413
2023-02-01,Misc,2318
2023-02-02,Salaries,22552
2023-02-02,Office Rent,9311
2023-02-02,Cloud Tools,5224
2023-02-02,Misc,2322
2023-02-03,Salaries,33931
2023-02-03,Office Rent,9307
2023-02-03,Cloud Tools,5860
2023-02-03,Misc,3624
2023-02-04,Salaries,21077
2023-02-04,Office Rent,10866
2023-02-04,Cloud Tools,4834
2023-02-04,Misc,2343
2023-02-05,Salaries,22526
2023-02-05,Office Rent,11613
2023-02-05,Cloud Tools,6829
2023-02-05,Misc,1721
2023-02-06,Salaries,29436
2023-02-06,Office Rent,9705
2023-02-06,Cloud Tools,4957
2023-02-06,Misc,2366
2023-02-07,Salaries,21345
2023-02-07,Office Rent,8580
2023-02-07,Cloud Tools,3745
2023-02-07,Misc,2038
2023-02-08,Salaries,28124
2023-02-08,Office Rent,9503
2023-02-08,Cloud Tools,3877
2023-02-08,Misc,1133
2023-02-09,Salaries,24813
2023-02-09,Office Rent,9047
2023-02-09,Cloud Tools,5424
2023-02-09,Misc,3699
2023-02-10,Salaries,29654
2023-02-10,Office Rent,9347
2023-02-10,Cloud Tools,4145
2023-02-10,Misc,2364
2023-02-11,Salaries,29423
2023-02-11,Office Rent,10001
2023-02-11,Cloud Tools,3165
2023-02-11,Misc,2579
2023-02-12,Salaries,33386
2023-02-12,Office Rent,9503
2023-02-12,Cloud Tools,6419
2023-02-12,Misc,3319
2023-02-13,Salaries,22017
2023-02-13,Office Rent,11037
2023-02-13,Cloud Tools,5213
2023-02-13,Misc,1761
2023-02-14,Salaries,33397
2023-02-14,Office Rent,11972
2023-02-14,Cloud Tools,3648
2023-02-14,Misc,3892
2023-02-15,Salaries,32838
2023-02-15,Office Rent,8598
2023-02-15,Cloud Tools,5202
2023-02-15,Misc,2599
2023-02-16,Salaries,28608
2023-02-16,Office Rent,11433
2023-02-16,Cloud Tools,6417
2023-02-16,Misc,2739
2023-02-17,Salaries,26210
2023-02-17,Office Rent,10564
2023-02-17,Cloud Tools,4082
2023-02-17,Misc,2006
2023-02-18,Salaries,20587
2023-02-18,Office Rent,8771
2023-02-18,Cloud Tools,5807
2023-02-18,Misc,2912
2023-02-19,Salaries,30415
2023-02-19,Office Rent,8321
2023-02-19,Cloud Tools,4484
2023-02-19,Misc,3183
2023-02-20,Salaries,34763
2023-02-20,Office Rent,11860
2023-02-20,Cloud Tools,4817
2023-02-20,Misc,3021
2023-02-21,Salaries,25026
2023-02-21,Office Rent,10958
2023-02-21,Cloud Tools,3679
2023-02-21,Misc,3369
2023-02-22,Salaries,29551
2023-02-22,Office Rent,8780
2023-02-22,Cloud Tools,4536
2023-02-22,Misc,1170
2023-02-23,Salaries,25019
2023-02-23,Office Rent,8128
2023-02-23,Cloud Tools,5727
2023-02-23,Misc,2441
2023-02-24,Salaries,32684
2023-02-24,Office Rent,10108
2023-02-24,Cloud Tools,6188
2023-02-24,Misc,2857
2023-02-25,Salaries,29850
2023-02-25,Office Rent,9795
2023-02-25,Cloud Tools,5520
2023-02-25,Misc,3785
2023-02-26,Salaries,20396
2023-02-26,Office Rent,8803
2023-02-26,Cloud Tools,6935
2023-02-26,Misc,1654
2023-02-27,Salaries,27644
2023-02-27,Office Rent,10649
2023-02-27,Cloud Tools,4876
2023-02-27,Misc,1267
2023-02-28,Salaries,34411
2023-02-28,Office Rent,9092
2023-02-28,Cloud Tools,4468
2023-02-28,Misc,2321
2023-03-01,Salaries,21497
2023-03-01,Office Rent,11231
2023-03-01,Cloud Tools,3897
2023-03-01,Misc,2754
2023-03-02,Salaries,29700
2023-03-02,Office Rent,8821
2023-03-02,Cloud Tools,6975
2023-03-02,Misc,3135
2023-03-03,Salaries,21164
2023-03-03,Office Rent,9564
2023-03-03,Cloud Tools,5572
2023-03-03,Misc,1825
2023-03-04,Salaries,24670
2023-03-04,Office Rent,9366
2023-03-04,Cloud Tools,3686
2023-03-04,Misc,1974
2023-03-05,Salaries,31479
2023-03-05,Office Rent,8505
2023-03-05,Cloud Tools,4770
2023-03-05,Misc,1073
2023-03-06,Salaries,24901
2023-03-06,Office Rent,8580
2023-03-06,Cloud Tools,6140
2023-03-06,Misc,1222
2023-03-07,Salaries,32199
2023-03-07,Office Rent,8896
2023-03-07,Cloud Tools,5433
2023-03-07,Misc,3169
2023-03-08,Salaries,34086
2023-03-08,Office Rent,8732
2023-03-08,Cloud Tools,4464
2023-03-08,Misc,1822
2023-03-09,Salaries,28648
2023-03-09,Office Rent,10211
2023-03-09,Cloud Tools,6334
2023-03-09,Misc,3139
2023-03-10,Salaries,32041
2023-03-10,Office Rent,10383
2023-03-10,Cloud Tools,3585
2023-03-10,Misc,3982
2023-03-11,Salaries,28505
2023-03-11,Office Rent,10649
2023-03-11,Cloud Tools,4889
2023-03-11,Misc,1993
2023-03-12,Salaries,23879
2023-03-12,Office Rent,10957
2023-03-12,Cloud Tools,4489
2023-03-12,Misc,2664
2023-03-13,Salaries,30800
2023-03-13,Office Rent,11669
2023-03-13,Cloud Tools,5532
2023-03-13,Misc,1655
2023-03-14,Salaries,23718
2023-03-14,Office Rent,11982
2023-03-14,Cloud Tools,5674
2023-03-14,Misc,3113
2023-03-15,Salaries,27866
2023-03-15,Office Rent,9880
2023-03-15,Cloud Tools,3200
2023-03-15,Misc,3515
2023-03-16,Salaries,32721
2023-03-16,Office Rent,8137
2023-03-16,Cloud Tools,6063
2023-03-16,Misc,2075
2023-03-17,Salaries,21748
2023-03-17,Office Rent,9475
2023-03-17,Cloud Tools,4181
2023-03-17,Misc,3849
2023-03-18,Salaries,24957
2023-03-18,Office Rent,9229
2023-03-18,Cloud Tools,6413
2023-03-18,Misc,2339
2023-03-19,Salaries,32423
2023-03-19,Office Rent,11146
2023-03-19,Cloud Tools,3448
2023-03-19,Misc,1068
2023-03-20,Salaries,27096
2023-03-20,Office Rent,8812
2023-03-20,Cloud Tools,6632
2023-03-20,Misc,2014
2023-03-21,Salaries,27741
2023-03-21,Office Rent,9190
2023-03-21,Cloud Tools,4740
2023-03-21,Misc,3019
2023-03-22,Salaries,23192
2023-03-22,Office Rent,11892
2023-03-22,Cloud Tools,4964
2023-03-22,Misc,1096
2023-03-23,Salaries,32664
2023-03-23,Office Rent,9514
2023-03-23,Cloud Tools,4947
2023-03-23,Misc,2076
2023-03-24,Salaries,20008
2023-03-24,Office Rent,11052
2023-03-24,Cloud Tools,5378
2023-03-24,Misc,1250
2023-03-25,Salaries,28551
2023-03-25,Office Rent,10396
2023-03-25,Cloud Tools,3123
2023-03-25,Misc,1633
2023-03-26,Salaries,32486
2023-03-26,Office Rent,8828
2023-03-26,Cloud Tools,4434
2023-03-26,Misc,1917
2023-03-27,Salaries,27672
2023-03-27,Office Rent,9118
2023-03-27,Cloud Tools,5077
2023-03-27,Misc,2115
2023-03-28,Salaries,20595
2023-03-28,Office Rent,11086
2023-03-28,Cloud Tools,5702
2023-03-28,Misc,3868
2023-03-29,Salaries,30699
2023-03-29,Office Rent,9744
2023-03-29,Cloud Tools,3022
2023-03-29,Misc,1325
2023-03-30,Salaries,24972
2023-03-30,Office Rent,11727
2023-03-30,Cloud Tools,6158
2023-03-30,Misc,3732
2023-03-31,Salaries,20262
2023-03-31,Office Rent,11500
2023-03-31,Cloud Tools,5854
2023-03-31,Misc,2383
2023-04-01,Salaries,21585
2023-04-01,Office Rent,8432
2023-04-01,Cloud Tools,3559
2023-04-01,Misc,3555
2023-04-02,Salaries,32336
2023-04-02,Office Rent,10215
2023-04-02,Cloud Tools,4702
2023-04-02,Misc,3488
2023-04-03,Salaries,32881
2023-04-03,Office Rent,9598
2023-04-03,Cloud Tools,3227
2023-04-03,Misc,2975
2023-04-04,Salaries,20213
2023-04-04,Office Rent,9665
2023-04-04,Cloud Tools,5927
2023-04-04,Misc,3655
2023-04-05,Salaries,23478
2023-04-05,Office Rent,11960
2023-04-05,Cloud Tools,6815
2023-04-05,Misc,3797
2023-04-06,Salaries,29233
2023-04-06,Office Rent,8466
2023-04-06,Cloud Tools,5391
2023-04-06,Misc,3371
2023-04-07,Salaries,25365
2023-04-07,Office Rent,9083
2023-04-07,Cloud Tools,6565
2023-04-07,Misc,2665
2023-04-08,Salaries,33149
2023-04-08,Office Rent,11120
2023-04-08,Cloud Tools,5725
2023-04-08,Misc,2950
2023-04-09,Salaries,26823
2023-04-09,Office Rent,9276
2023-04-09,Cloud Tools,3847
2023-04-09,Misc,2406
2023-04-10,Salaries,27476
2023-04-10,Office Rent,8575
2023-04-10,Cloud Tools,3544
2023-04-10,Misc,1057
2023-04-11,Salaries,32081
2023-04-11,Office Rent,10111
2023-04-11,Cloud Tools,3898
2023-04-11,Misc,3172
2023-04-12,Salaries,30300
2023-04-12,Office Rent,8379
2023-04-12,Cloud Tools,3977
2023-04-12,Misc,2784
2023-04-13,Salaries,29353
2023-04-13,Office Rent,8065
2023-04-13,Cloud Tools,4202
2023-04-13,Misc,3013
2023-04-14,Salaries,20797
2023-04-14,Office Rent,9816
2023-04-14,Cloud Tools,4194
2023-04-14,Misc,3802
2023-04-15,Salaries,20631
2023-04-15,Office Rent,9367
2023-04-15,Cloud Tools,6775
2023-04-15,Misc,1226
2023-04-16,Salaries,27433
2023-04-16,Office Rent,8191
2023-04-16,Cloud Tools,5799
2023-04-16,Misc,2629
2023-04-17,Salaries,21149
2023-04-17,Office Rent,11003
2023-04-17,Cloud Tools,6545
2023-04-17,Misc,1098
2023-04-18,Salaries,32631
2023-04-18,Office Rent,10290
2023-04-18,Cloud Tools,3019
2023-04-18,Misc,3406
2023-04-19,Salaries,28624
2023-04-19,Office Rent,8999
2023-04-19,Cloud Tools,5658
2023-04-19,Misc,3534
2023-04-20,Salaries,32154
2023-04-20,Office Rent,8329
2023-04-20,Cloud Tools,4690
2023-04-20,Misc,3232
2023-04-21,Salaries,28526
2023-04-21,Office Rent,10553
2023-04-21,Cloud Tools,5510
2023-04-21,Misc,2956
2023-04-22,Salaries,27138
2023-04-22,Office Rent,10050
2023-04-22,Cloud Tools,5716
2023-04-22,Misc,2987
2023-04-23,Salaries,30414
2023-04-23,Office Rent,9871
2023-04-23,Cloud Tools,4604
2023-04-23,Misc,2556
2023-04-24,Salaries,27143
2023-04-24,Office Rent,10345
2023-04-24,Cloud Tools,5165
2023-04-24,Misc,1788
2023-04-25,Salaries,20641
2023-04-25,Office Rent,8205
2023-04-25,Cloud Tools,6780
2023-04-25,Misc,3077
2023-04-26,Salaries,29643
2023-04-26,Office Rent,10989
2023-04-26,Cloud Tools,3822
2023-04-26,Misc,3044
2023-04-27,Salaries,30496
2023-04-27,Office Rent,11452
2023-04-27,Cloud Tools,5229
2023-04-27,Misc,1207
2023-04-28,Salaries,29070
2023-04-28,Office Rent,11712
2023-04-28,Cloud Tools,6646
2023-04-28,Misc,3389
2023-04-29,Salaries,21612
2023-04-29,Office Rent,8377
2023-04-29,Cloud Tools,3410
2023-04-29,Misc,1382
2023-04-30,Salaries,27632
2023-04-30,Office Rent,11464
2023-04-30,Cloud Tools,5884
2023-04-30,Misc,1570
2023-05-01,Salaries,29366
2023-05-01,Office Rent,9643
2023-05-01,Cloud Tools,5416
2023-05-01,Misc,2130
2023-05-02,Salaries,25258
2023-05-02,Office Rent,8279
2023-05-02,Cloud Tools,5119
2023-05-02,Misc,3670
2023-05-03,Salaries,30744
2023-05-03,Office Rent,9761
2023-05-03,Cloud Tools,5997
2023-05-03,Misc,3153
2023-05-04,Salaries,27668
2023-05-04,Office Rent,10206
2023-05-04,Cloud Tools,4173
2023-05-04,Misc,1013
2023-05-05,Salaries,22052
2023-05-05,Office Rent,11066
2023-05-05,Cloud Tools,6710
2023-05-05,Misc,2296
2023-05-06,Salaries,34546
2023-05-06,Office Rent,10374
2023-05-06,Cloud Tools,3857
2023-05-06,Misc,1465
2023-05-07,Salaries,34251
2023-05-07,Office Rent,11150
2023-05-07,Cloud Tools,6676
2023-05-07,Misc,2773
2023-05-08,Salaries,33033
2023-05-08,Office Rent,10224
2023-05-08,Cloud Tools,4790
2023-05-08,Misc,2856
2023-05-09,Salaries,32419
2023-05-09,Office Rent,8776
2023-05-09,Cloud Tools,6363
2023-05-09,Misc,3463
2023-05-10,Salaries,32631
2023-05-10,Office Rent,11448
2023-05-10,Cloud Tools,5532
2023-05-10,Misc,2555
2023-05-11,Salaries,25689
2023-05-11,Office Rent,11367
2023-05-11,Cloud Tools,3577
2023-05-11,Misc,1344
2023-05-12,Salaries,25516
2023-05-12,Office Rent,10522
2023-05-12,Cloud Tools,3524
2023-05-12,Misc,2597
2023-05-13,Salaries,34235
2023-05-13,Office Rent,8045
2023-05-13,Cloud Tools,4934
2023-05-13,Misc,2628
2023-05-14,Salaries,20980
2023-05-14,Office Rent,9451
2023-05-14,Cloud Tools,6294
2023-05-14,Misc,3070
2023-05-15,Salaries,25988
2023-05-15,Office Rent,10114
2023-05-15,Cloud Tools,3625
2023-05-15,Misc,3253
2023-05-16,Salaries,31841
2023-05-16,Office Rent,11633
2023-05-16,Cloud Tools,6724
2023-05-16,Misc,1257
2023-05-17,Salaries,24043
2023-05-17,Office Rent,10010
2023-05-17,Cloud Tools,5593
2023-05-17,Misc,3855
2023-05-18,Salaries,20252
2023-05-18,Office Rent,9604
2023-05-18,Cloud Tools,4212
2023-05-18,Misc,3200
2023-05-19,Salaries,34026
2023-05-19,Office Rent,10124
2023-05-19,Cloud Tools,5750
2023-05-19,Misc,3587
2023-05-20,Salaries,28916
2023-05-20,Office Rent,10416
2023-05-20,Cloud Tools,3567
2023-05-20,Misc,3671
2023-05-21,Salaries,25874
2023-05-21,Office Rent,9177
2023-05-21,Cloud Tools,5202
2023-05-21,Misc,3841
2023-05-22,Salaries,20270
2023-05-22,Office Rent,8561
2023-05-22,Cloud Tools,4532
2023-05-22,Misc,2413
2023-05-23,Salaries,23139
2023-05-23,Office Rent,10179
2023-05-23,Cloud Tools,4693
2023-05-23,Misc,1844
2023-05-24,Salaries,34600
2023-05-24,Office Rent,11753
2023-05-24,Cloud Tools,6853
2023-05-24,Misc,1219
2023-05-25,Salaries,23623
2023-05-25,Office Rent,8898
2023-05-25,Cloud Tools,5984
2023-05-25,Misc,3336
2023-05-26,Salaries,29294
2023-05-26,Office Rent,8750
2023-05-26,Cloud Tools,6643
2023-05-26,Misc,3367
2023-05-27,Salaries,24413
2023-05-27,Office Rent,10534
2023-05-27,Cloud Tools,6918
2023-05-27,Misc,2414
2023-05-28,Salaries,29964
2023-05-28,Office Rent,8587
2023-05-28,Cloud Tools,4841
2023-05-28,Misc,3086
2023-05-29,Salaries,31462
2023-05-29,Office Rent,10990
2023-05-29,Cloud Tools,3104
2023-05-29,Misc,2605
2023-05-30,Salaries,23865
2023-05-30,Office Rent,8506
2023-05-30,Cloud Tools,3569
2023-05-30,Misc,1328
2023-05-31,Salaries,29906
2023-05-31,Office Rent,8983
2023-05-31,Cloud Tools,5355
2023-05-31,Misc,1221
2023-06-01,Salaries,30895
2023-06-01,Office Rent,11887
2023-06-01,Cloud Tools,6098
2023-06-01,Misc,3720
2023-06-02,Salaries,32438
2023-06-02,Office Rent,10220
2023-06-02,Cloud Tools,5770
2023-06-02,Misc,1978
2023-06-03,Salaries,23093
2023-06-03,Office Rent,10857
2023-06-03,Cloud Tools,5924
2023-06-03,Misc,2568
2023-06-04,Salaries,20620
2023-06-04,Office Rent,11465
2023-06-04,Cloud Tools,5094
2023-06-04,Misc,2631
2023-06-05,Salaries,25244
2023-06-05,Office Rent,11406
2023-06-05,Cloud Tools,4318
2023-06-05,Misc,3937
2023-06-06,Salaries,30029
2023-06-06,Office Rent,8839
2023-06-06,Cloud Tools,4842
2023-06-06,Misc,2560
2023-06-07,Salaries,33905
2023-06-07,Office Rent,11982
2023-06-07,Cloud Tools,5617
2023-06-07,Misc,2978
2023-06-08,Salaries,26681
2023-06-08,Office Rent,9320
2023-06-08,Cloud Tools,3043
2023-06-08,Misc,1596
2023-06-09,Salaries,32309
2023-06-09,Office Rent,11949
2023-06-09,Cloud Tools,3225
2023-06-09,Misc,1548
2023-06-10,Salaries,24469
2023-06-10,Office Rent,10660
2023-06-10,Cloud Tools,5701
2023-06-10,Misc,2027
2023-06-11,Salaries,34359
2023-06-11,Office Rent,9985
2023-06-11,Cloud Tools,4726
2023-06-11,Misc,1832
2023-06-12,Salaries,31585
2023-06-12,Office Rent,9804
2023-06-12,Cloud Tools,5586
2023-06-12,Misc,1371
2023-06-13,Salaries,33904
2023-06-13,Office Rent,11704
2023-06-13,Cloud Tools,4388
2023-06-13,Misc,1912
2023-06-14,Salaries,29284
2023-06-14,Office Rent,11543
2023-06-14,Cloud Tools,6576
2023-06-14,Misc,2336
2023-06-15,Salaries,25191
2023-06-15,Office Rent,9269
2023-06-15,Cloud Tools,3757
2023-06-15,Misc,2788
2023-06-16,Salaries,28043
2023-06-16,Office Rent,9096
2023-06-16,Cloud Tools,5833
2023-06-16,Misc,2887
2023-06-17,Salaries,23061
2023-06-17,Office Rent,10087
2023-06-17,Cloud Tools,6110
2023-06-17,Misc,3932
2023-06-18,Salaries,30984
2023-06-18,Office Rent,8565
2023-06-18,Cloud Tools,6243
2023-06-18,Misc,1301
2023-06-19,Salaries,27657
2023-06-19,Office Rent,11503
2023-06-19,Cloud Tools,4724
2023-06-19,Misc,1933
2023-06-20,Salaries,20554
2023-06-20,Office Rent,8003
2023-06-20,Cloud Tools,4284
2023-06-20,Misc,1880
2023-06-21,Salaries,31812
2023-06-21,Office Rent,8409
2023-06-21,Cloud Tools,4770
2023-06-21,Misc,3312
2023-06-22,Salaries,26158
2023-06-22,Office Rent,8087
2023-06-22,Cloud Tools,5007
2023-06-22,Misc,1098
2023-06-23,Salaries,25103
2023-06-23,Office Rent,9640
2023-06-23,Cloud Tools,3216
2023-06-23,Misc,3457
2023-06-24,Salaries,28382
2023-06-24,Office Rent,9238
2023-06-24,Cloud Tools,4733
2023-06-24,Misc,1616
2023-06-25,Salaries,27194
2023-06-25,Office Rent,9205
2023-06-25,Cloud Tools,5642
2023-06-25,Misc,3277
2023-06-26,Salaries,31498
2023-06-26,Office Rent,10847
2023-06-26,Cloud Tools,6457
2023-06-26,Misc,1529
2023-06-27,Salaries,23355
2023-06-27,Office Rent,8070
2023-06-27,Cloud Tools,6575
2023-06-27,Misc,2238
2023-06-28,Salaries,22164
2023-06-28,Office Rent,8099
2023-06-28,Cloud Tools,3599
2023-06-28,Misc,1859
2023-06-29,Salaries,25784
2023-06-29,Office Rent,10342
2023-06-29,Cloud Tools,6248
2023-06-29,Misc,2004
2023-06-30,Salaries,32083
2023-06-30,Office Rent,10681
2023-06-30,Cloud Tools,4746
2023-06-30,Misc,3104
2023-07-01,Salaries,27180
2023-07-01,Office Rent,10240
2023-07-01,Cloud Tools,6646
2023-07-01,Misc,1993
2023-07-02,Salaries,23910
2023-07-02,Office Rent,11581
2023-07-02,Cloud Tools,4176
2023-07-02,Misc,2046
2023-07-03,Salaries,32317
2023-07-03,Office Rent,11440
2023-07-03,Cloud Tools,4724
2023-07-03,Misc,3357
2023-07-04,Salaries,33932
2023-07-04,Office Rent,11472
2023-07-04,Cloud Tools,4376
2023-07-04,Misc,1571
2023-07-05,Salaries,32353
2023-07-05,Office Rent,10213
2023-07-05,Cloud Tools,4515
2023-07-05,Misc,1563
2023-07-06,Salaries,28371
2023-07-06,Office Rent,10591
2023-07-06,Cloud Tools,3725
2023-07-06,Misc,1776
2023-07-07,Salaries,21040
2023-07-07,Office Rent,10173
2023-07-07,Cloud Tools,3081
2023-07-07,Misc,2639
2023-07-08,Salaries,31210
2023-07-08,Office Rent,9205
2023-07-08,Cloud Tools,6967
2023-07-08,Misc,3485
2023-07-09,Salaries,33255
2023-07-09,Office Rent,9713
2023-07-09,Cloud Tools,5577
2023-07-09,Misc,2676
2023-07-10,Salaries,33472
2023-07-10,Office Rent,9934
2023-07-10,Cloud Tools,6797
2023-07-10,Misc,3046
2023-07-11,Salaries,22981
2023-07-11,Office Rent,10781
2023-07-11,Cloud Tools,6845
2023-07-11,Misc,1556
2023-07-12,Salaries,25306
2023-07-12,Office Rent,11425
2023-07-12,Cloud Tools,6446
2023-07-12,Misc,2490
2023-07-13,Salaries,22288
2023-07-13,Office Rent,9760
2023-07-13,Cloud Tools,5381
2023-07-13,Misc,1047
2023-07-14,Salaries,24008
2023-07-14,Office Rent,11666
2023-07-14,Cloud Tools,6175
2023-07-14,Misc,1462
2023-07-15,Salaries,25193
2023-07-15,Office Rent,11638
2023-07-15,Cloud Tools,5364
2023-07-15,Misc,3049
2023-07-16,Salaries,27921
2023-07-16,Office Rent,10419
2023-07-16,Cloud Tools,4793
2023-07-16,Misc,2867
2023-07-17,Salaries,29225
2023-07-17,Office Rent,8587
2023-07-17,Cloud Tools,3422
2023-07-17,Misc,2656
2023-07-18,Salaries,26976
2023-07-18,Office Rent,11009
2023-07-18,Cloud Tools,5774
2023-07-18,Misc,1475
2023-07-19,Salaries,24340
2023-07-19,Office Rent,11408
2023-07-19,Cloud Tools,5739
2023-07-19,Misc,1487
2023-07-20,Salaries,31092
2023-07-20,Office Rent,9835
2023-07-20,Cloud Tools,4825
2023-07-20,Misc,2096
2023-07-21,Salaries,27888
2023-07-21,Office Rent,8752
2023-07-21,Cloud Tools,4897
2023-07-21,Misc,1927
2023-07-22,Salaries,33316
2023-07-22,Office Rent,9485
2023-07-22,Cloud Tools,4389
2023-07-22,Misc,3264
2023-07-23,Salaries,33525
2023-07-23,Office Rent,8958
2023-07-23,Cloud Tools,4348
2023-07-23,Misc,3357
2023-07-24,Salaries,30277
2023-07-24,Office Rent,8904
2023-07-24,Cloud Tools,4084
2023-07-24,Misc,2118
2023-07-25,Salaries,34568
2023-07-25,Office Rent,9812
2023-07-25,Cloud Tools,4571
2023-07-25,Misc,1512
2023-07-26,Salaries,34485
2023-07-26,Office Rent,11542
2023-07-26,Cloud Tools,5262
2023-07-26,Misc,3446
2023-07-27,Salaries,33869
2023-07-27,Office Rent,9600
2023-07-27,Cloud Tools,6077
2023-07-27,Misc,2959
2023-07-28,Salaries,28098
2023-07-28,Office Rent,11152
2023-07-28,Cloud Tools,5236
2023-07-28,Misc,2686
2023-07-29,Salaries,24755
2023-07-29,Office Rent,8027
2023-07-29,Cloud Tools,5724
2023-07-29,Misc,3001
2023-07-30,Salaries,28326
2023-07-30,Office Rent,9789
2023-07-30,Cloud Tools,3304
2023-07-30,Misc,3542
2023-07-31,Salaries,33011
2023-07-31,Office Rent,11351
2023-07-31,Cloud Tools,6151
2023-07-31,Misc,3907
2023-08-01,Salaries,26534
2023-08-01,Office Rent,11086
2023-08-01,Cloud Tools,5646
2023-08-01,Misc,3966
2023-08-02,Salaries,33179
2023-08-02,Office Rent,10270
2023-08-02,Cloud Tools,6908
2023-08-02,Misc,3027
2023-08-03,Salaries,29019
2023-08-03,Office Rent,10313
2023-08-03,Cloud Tools,6890
2023-08-03,Misc,2343
2023-08-04,Salaries,27273
2023-08-04,Office Rent,10300
2023-08-04,Cloud Tools,3198
2023-08-04,Misc,3975
2023-08-05,Salaries,28598
2023-08-05,Office Rent,9461
2023-08-05,Cloud Tools,4774
2023-08-05,Misc,2480
2023-08-06,Salaries,33788
2023-08-06,Office Rent,9370
2023-08-06,Cloud Tools,3485
2023-08-06,Misc,3900
2023-08-07,Salaries,20362
2023-08-07,Office Rent,11801
2023-08-07,Cloud Tools,3211
2023-08-07,Misc,1700
2023-08-08,Salaries,28014
2023-08-08,Office Rent,10924
2023-08-08,Cloud Tools,5661
2023-08-08,Misc,1915
2023-08-09,Salaries,29652
2023-08-09,Office Rent,8142
2023-08-09,Cloud Tools,6356
2023-08-09,Misc,2093
2023-08-10,Salaries,34159
2023-08-10,Office Rent,11648
2023-08-10,Cloud Tools,3957
2023-08-10,Misc,2733
2023-08-11,Salaries,21551
2023-08-11,Office Rent,9333
2023-08-11,Cloud Tools,3864
2023-08-11,Misc,2286
2023-08-12,Salaries,24155
2023-08-12,Office Rent,8521
2023-08-12,Cloud Tools,3308
2023-08-12,Misc,2543
2023-08-13,Salaries,21405
2023-08-13,Office Rent,10388
2023-08-13,Cloud Tools,4625
2023-08-13,Misc,2572
2023-08-14,Salaries,22001
2023-08-14,Office Rent,8899
2023-08-14,Cloud Tools,4107
2023-08-14,Misc,1761
2023-08-15,Salaries,32527
2023-08-15,Office Rent,11175
2023-08-15,Cloud Tools,6794
2023-08-15,Misc,1224
2023-08-16,Salaries,32566
2023-08-16,Office Rent,9416
2023-08-16,Cloud Tools,4701
2023-08-16,Misc,3476
2023-08-17,Salaries,28593
2023-08-17,Office Rent,10093
2023-08-17,Cloud Tools,5561
2023-08-17,Misc,2807
2023-08-18,Salaries,29581
2023-08-18,Office Rent,9196
2023-08-18,Cloud Tools,3303
2023-08-18,Misc,3199
2023-08-19,Salaries,22398
2023-08-19,Office Rent,8704
2023-08-19,Cloud Tools,3091
2023-08-19,Misc,3153
2023-08-20,Salaries,25222
2023-08-20,Office Rent,10179
2023-08-20,Cloud Tools,5816
2023-08-20,Misc,2312
2023-08-21,Salaries,32745
2023-08-21,Office Rent,8898
2023-08-21,Cloud Tools,6172
2023-08-21,Misc,2836
2023-08-22,Salaries,23092
2023-08-22,Office Rent,8248
2023-08-22,Cloud Tools,5239
2023-08-22,Misc,3632
2023-08-23,Salaries,23384
2023-08-23,Office Rent,8167
2023-08-23,Cloud Tools,4597
2023-08-23,Misc,3218
2023-08-24,Salaries,23704
2023-08-24,Office Rent,9239
2023-08-24,Cloud Tools,4532
2023-08-24,Misc,2197
2023-08-25,Salaries,30183
2023-08-25,Office Rent,10583
2023-08-25,Cloud Tools,3407
2023-08-25,Misc,1500
2023-08-26,Salaries,29353
2023-08-26,Office Rent,8098
2023-08-26,Cloud Tools,5883
2023-08-26,Misc,3294
2023-08-27,Salaries,28904
2023-08-27,Office Rent,11914
2023-08-27,Cloud Tools,3106
2023-08-27,Misc,2071
2023-08-28,Salaries,26988
2023-08-28,Office Rent,11994
2023-08-28,Cloud Tools,6357
2023-08-28,Misc,1045
2023-08-29,Salaries,30635
2023-08-29,Office Rent,11191
2023-08-29,Cloud Tools,6131
2023-08-29,Misc,2170
2023-08-30,Salaries,30855
2023-08-30,Office Rent,9603
2023-08-30,Cloud Tools,3949
2023-08-30,Misc,3721
2023-08-31,Salaries,23798
2023-08-31,Office Rent,9141
2023-08-31,Cloud Tools,5284
2023-08-31,Misc,1628
2023-09-01,Salaries,31526
2023-09-01,Office Rent,11921
2023-09-01,Cloud Tools,5217
2023-09-01,Misc,2731
2023-09-02,Salaries,26535
2023-09-02,Office Rent,11221
2023-09-02,Cloud Tools,6317
2023-09-02,Misc,1500
2023-09-03,Salaries,30009
2023-09-03,Office Rent,11262
2023-09-03,Cloud Tools,5221
2023-09-03,Misc,1592
2023-09-04,Salaries,24267
2023-09-04,Office Rent,8957
2023-09-04,Cloud Tools,5723
2023-09-04,Misc,1808
2023-09-05,Salaries,24718
2023-09-05,Office Rent,8718
2023-09-05,Cloud Tools,5385
2023-09-05,Misc,2434
2023-09-06,Salaries,27237
2023-09-06,Office Rent,11169
2023-09-06,Cloud Tools,5984
2023-09-06,Misc,2540
2023-09-07,Salaries,23256
2023-09-07,Office Rent,11787
2023-09-07,Cloud Tools,4436
2023-09-07,Misc,1377
2023-09-08,Salaries,28164
2023-09-08,Office Rent,11083
2023-09-08,Cloud Tools,4432
2023-09-08,Misc,2774
2023-09-09,Salaries,20417
2023-09-09,Office Rent,10378
2023-09-09,Cloud Tools,3982
2023-09-09,Misc,3327
2023-09-10,Salaries,21138
2023-09-10,Office Rent,10928
2023-09-10,Cloud Tools,4233
2023-09-10,Misc,1446
2023-09-11,Salaries,20830
2023-09-11,Office Rent,9417
2023-09-11,Cloud Tools,6716
2023-09-11,Misc,3782
2023-09-12,Salaries,32285
2023-09-12,Office Rent,11928
2023-09-12,Cloud Tools,4204
2023-09-12,Misc,1192
2023-09-13,Salaries,22860
2023-09-13,Office Rent,11009
2023-09-13,Cloud Tools,4279
2023-09-13,Misc,2968
2023-09-14,Salaries,27790
2023-09-14,Office Rent,10471
2023-09-14,Cloud Tools,3705
2023-09-14,Misc,2659
2023-09-15,Salaries,26234
2023-09-15,Office Rent,8647
2023-09-15,Cloud Tools,3794
2023-09-15,Misc,1740
2023-09-16,Salaries,26288
2023-09-16,Office Rent,10499
2023-09-16,Cloud Tools,6499
2023-09-16,Misc,1241
2023-09-17,Salaries,29701
2023-09-17,Office Rent,9054
2023-09-17,Cloud Tools,3772
2023-09-17,Misc,2083
2023-09-18,Salaries,31864
2023-09-18,Office Rent,10523
2023-09-18,Cloud Tools,6986
2023-09-18,Misc,1100
2023-09-19,Salaries,31049
2023-09-19,Office Rent,10838
2023-09-19,Cloud Tools,5680
2023-09-19,Misc,2778
2023-09-20,Salaries,30211
2023-09-20,Office Rent,10924
2023-09-20,Cloud Tools,3588
2023-09-20,Misc,1272
2023-09-21,Salaries,31121
2023-09-21,Office Rent,10034
2023-09-21,Cloud Tools,4501
2023-09-21,Misc,3105
2023-09-22,Salaries,26902
2023-09-22,Office Rent,8982
2023-09-22,Cloud Tools,5992
2023-09-22,Misc,1386
2023-09-23,Salaries,27628
2023-09-23,Office Rent,9631
2023-09-23,Cloud Tools,3044
2023-09-23,Misc,3338
2023-09-24,Salaries,21281
2023-09-24,Office Rent,8814
2023-09-24,Cloud Tools,6842
2023-09-24,Misc,2269
2023-09-25,Salaries,24335
2023-09-25,Office Rent,11484
2023-09-25,Cloud Tools,4151
2023-09-25,Misc,2737
2023-09-26,Salaries,32563
2023-09-26,Office Rent,10465
2023-09-26,Cloud Tools,5254
2023-09-26,Misc,2575
2023-09-27,Salaries,34700
2023-09-27,Office Rent,8832
2023-09-27,Cloud Tools,4369
2023-09-27,Misc,1567
2023-09-28,Salaries,32447
2023-09-28,Office Rent,9857
2023-09-28,Cloud Tools,3095
2023-09-28,Misc,3472
2023-09-29,Salaries,32188
2023-09-29,Office Rent,11187
2023-09-29,Cloud Tools,6283
2023-09-29,Misc,1598
2023-09-30,Salaries,33618
2023-09-30,Office Rent,10315
2023-09-30,Cloud Tools,3043
2023-09-30,Misc,3642
2023-10-01,Salaries,33299
2023-10-01,Office Rent,11529
2023-10-01,Cloud Tools,4746
2023-10-01,Misc,2881
2023-10-02,Salaries,23543
2023-10-02,Office Rent,10056
2023-10-02,Cloud Tools,4948
2023-10-02,Misc,3716
2023-10-03,Salaries,21883
2023-10-03,Office Rent,11260
2023-10-03,Cloud Tools,3380
2023-10-03,Misc,2855
2023-10-04,Salaries,25762
2023-10-04,Office Rent,10774
2023-10-04,Cloud Tools,5162
2023-10-04,Misc,2658
2023-10-05,Salaries,32675
2023-10-05,Office Rent,10486
2023-10-05,Cloud Tools,3909
2023-10-05,Misc,3892
2023-10-06,Salaries,26043
2023-10-06,Office Rent,9342
2023-10-06,Cloud Tools,5982
2023-10-06,Misc,1875
2023-10-07,Salaries,27871
2023-10-07,Office Rent,11515
2023-10-07,Cloud Tools,6731
2023-10-07,Misc,1027
2023-10-08,Salaries,20635
2023-10-08,Office Rent,10015
2023-10-08,Cloud Tools,4421
2023-10-08,Misc,3124
2023-10-09,Salaries,20586
2023-10-09,Office Rent,11429
2023-10-09,Cloud Tools,4209
2023-10-09,Misc,1233
2023-10-10,Salaries,27415
2023-10-10,Office Rent,9977
2023-10-10,Cloud Tools,6470
2023-10-10,Misc,1328
2023-10-11,Salaries,23714
2023-10-11,Office Rent,11076
2023-10-11,Cloud Tools,5395
2023-10-11,Misc,2282
2023-10-12,Salaries,26900
2023-10-12,Office Rent,10033
2023-10-12,Cloud Tools,5466
2023-10-12,Misc,1390
2023-10-13,Salaries,25981
2023-10-13,Office Rent,9943
2023-10-13,Cloud Tools,5036
2023-10-13,Misc,2950
2023-10-14,Salaries,22637
2023-10-14,Office Rent,9871
2023-10-14,Cloud Tools,5162
2023-10-14,Misc,1003
2023-10-15,Salaries,30882
2023-10-15,Office Rent,11810
2023-10-15,Cloud Tools,4151
2023-10-15,Misc,1008
2023-10-16,Salaries,27491
2023-10-16,Office Rent,10165
2023-10-16,Cloud Tools,6538
2023-10-16,Misc,3903
2023-10-17,Salaries,22747
2023-10-17,Office Rent,9674
2023-10-17,Cloud Tools,6534
2023-10-17,Misc,1931
2023-10-18,Salaries,28316
2023-10-18,Office Rent,10270
2023-10-18,Cloud Tools,5375
2023-10-18,Misc,2016
2023-10-19,Salaries,22865
2023-10-19,Office Rent,8258
2023-10-19,Cloud Tools,5114
2023-10-19,Misc,3930
2023-10-20,Salaries,31325
2023-10-20,Office Rent,8971
2023-10-20,Cloud Tools,4549
2023-10-20,Misc,1278
2023-10-21,Salaries,21146
2023-10-21,Office Rent,8588
2023-10-21,Cloud Tools,5319
2023-10-21,Misc,1501
2023-10-22,Salaries,26801
2023-10-22,Office Rent,11340
2023-10-22,Cloud Tools,3892
2023-10-22,Misc,3615
2023-10-23,Salaries,24313
2023-10-23,Office Rent,10732
2023-10-23,Cloud Tools,6623
2023-10-23,Misc,3206
2023-10-24,Salaries,20359
2023-10-24,Office Rent,9488
2023-10-24,Cloud Tools,5591
2023-10-24,Misc,2664
2023-10-25,Salaries,20290
2023-10-25,Office Rent,10083
2023-10-25,Cloud Tools,6026
2023-10-25,Misc,1859
2023-10-26,Salaries,22113
2023-10-26,Office Rent,10844
2023-10-26,Cloud Tools,6498
2023-10-26,Misc,3204
2023-10-27,Salaries,25674
2023-10-27,Office Rent,11858
2023-10-27,Cloud Tools,5168
2023-10-27,Misc,3239
2023-10-28,Salaries,31739
2023-10-28,Office Rent,9377
2023-10-28,Cloud Tools,4566
2023-10-28,Misc,3404
2023-10-29,Salaries,32818
2023-10-29,Office Rent,8479
2023-10-29,Cloud Tools,3796
2023-10-29,Misc,2096
2023-10-30,Salaries,27558
2023-10-30,Office Rent,11001
2023-10-30,Cloud Tools,4099
2023-10-30,Misc,3235
2023-10-31,Salaries,31954
2023-10-31,Office Rent,10014
2023-10-31,Cloud Tools,4361
2023-10-31,Misc,1475
2023-11-01,Salaries,31569
2023-11-01,Office Rent,8916
2023-11-01,Cloud Tools,3648
2023-11-01,Misc,3209
2023-11-02,Salaries,24897
2023-11-02,Office Rent,10094
2023-11-02,Cloud Tools,5071
2023-11-02,Misc,2359
2023-11-03,Salaries,21307
2023-11-03,Office Rent,10221
2023-11-03,Cloud Tools,6378
2023-11-03,Misc,1878
2023-11-04,Salaries,26114
2023-11-04,Office Rent,10821
2023-11-04,Cloud Tools,3229
2023-11-04,Misc,1702
2023-11-05,Salaries,20117
2023-11-05,Office Rent,10100
2023-11-05,Cloud Tools,6263
2023-11-05,Misc,1947
2023-11-06,Salaries,24667
2023-11-06,Office Rent,9960
2023-11-06,Cloud Tools,3522
2023-11-06,Misc,1771
2023-11-07,Salaries,31021
2023-11-07,Office Rent,11212
2023-11-07,Cloud Tools,5702
2023-11-07,Misc,1112
2023-11-08,Salaries,21287
2023-11-08,Office Rent,11562
2023-11-08,Cloud Tools,4367
2023-11-08,Misc,1098
2023-11-09,Salaries,34808
2023-11-09,Office Rent,9046
2023-11-09,Cloud Tools,3238
2023-11-09,Misc,3668
2023-11-10,Salaries,25382
2023-11-10,Office Rent,9348
2023-11-10,Cloud Tools,5719
2023-11-10,Misc,1386
2023-11-11,Salaries,28797
2023-11-11,Office Rent,10169
2023-11-11,Cloud Tools,4323
2023-11-11,Misc,1562
2023-11-12,Salaries,26460
2023-11-12,Office Rent,9842
2023-11-12,Cloud Tools,3019
2023-11-12,Misc,1541
2023-11-13,Salaries,23960
2023-11-13,Office Rent,9323
2023-11-13,Cloud Tools,6541
2023-11-13,Misc,2765
2023-11-14,Salaries,31932
2023-11-14,Office Rent,10452
2023-11-14,Cloud Tools,6025
2023-11-14,Misc,3740
2023-11-15,Salaries,30351
2023-11-15,Office Rent,11210
2023-11-15,Cloud Tools,6081
2023-11-15,Misc,2314
2023-11-16,Salaries,34233
2023-11-16,Office Rent,10426
2023-11-16,Cloud Tools,6953
2023-11-16,Misc,1939
2023-11-17,Salaries,28429
2023-11-17,Office Rent,8643
2023-11-17,Cloud Tools,5377
2023-11-17,Misc,1184
2023-11-18,Salaries,21830
2023-11-18,Office Rent,11791
2023-11-18,Cloud Tools,4785
2023-11-18,Misc,2448
2023-11-19,Salaries,28029
2023-11-19,Office Rent,11394
2023-11-19,Cloud Tools,3481
2023-11-19,Misc,3648
2023-11-20,Salaries,21381
2023-11-20,Office Rent,8361
2023-11-20,Cloud Tools,4059
2023-11-20,Misc,1515
2023-11-21,Salaries,25865
2023-11-21,Office Rent,8329
2023-11-21,Cloud Tools,5316
2023-11-21,Misc,2542
2023-11-22,Salaries,23739
2023-11-22,Office Rent,8954
2023-11-22,Cloud Tools,5425
2023-11-22,Misc,1292
2023-11-23,Salaries,26030
2023-11-23,Office Rent,9309
2023-11-23,Cloud Tools,3359
2023-11-23,Misc,2609
2023-11-24,Salaries,30763
2023-11-24,Office Rent,9360
2023-11-24,Cloud Tools,3623
2023-11-24,Misc,2565
2023-11-25,Salaries,21920
2023-11-25,Office Rent,11107
2023-11-25,Cloud Tools,4511
2023-11-25,Misc,3391
2023-11-26,Salaries,33541
2023-11-26,Office Rent,11860
2023-11-26,Cloud Tools,3617
2023-11-26,Misc,2823
2023-11-27,Salaries,27929
2023-11-27,Office Rent,8574
2023-11-27,Cloud Tools,5001
2023-11-27,Misc,1396
2023-11-28,Salaries,34756
2023-11-28,Office Rent,9579
2023-11-28,Cloud Tools,5708
2023-11-28,Misc,1401
2023-11-29,Salaries,21511
2023-11-29,Office Rent,10093
2023-11-29,Cloud Tools,3686
2023-11-29,Misc,1153
2023-11-30,Salaries,32548
2023-11-30,Office Rent,10692
2023-11-30,Cloud Tools,5334
2023-11-30,Misc,3032
2023-12-01,Salaries,26988
2023-12-01,Office Rent,9776
2023-12-01,Cloud Tools,4354
2023-12-01,Misc,1638
2023-12-02,Salaries,30944
2023-12-02,Office Rent,11543
2023-12-02,Cloud Tools,4292
2023-12-02,Misc,1156
2023-12-03,Salaries,31931
2023-12-03,Office Rent,8613
2023-12-03,Cloud Tools,5476
2023-12-03,Misc,2908
2023-12-04,Salaries,25077
2023-12-04,Office Rent,10899
2023-12-04,Cloud Tools,4275
2023-12-04,Misc,1266
2023-12-05,Salaries,20058
2023-12-05,Office Rent,11923
2023-12-05,Cloud Tools,3616
2023-12-05,Misc,2804
2023-12-06,Salaries,33870
2023-12-06,Office Rent,11671
2023-12-06,Cloud Tools,5218
2023-12-06,Misc,2687
2023-12-07,Salaries,21711
2023-12-07,Office Rent,9342
2023-12-07,Cloud Tools,3656
2023-12-07,Misc,1836
2023-12-08,Salaries,21023
2023-12-08,Office Rent,10869
2023-12-08,Cloud Tools,3733
2023-12-08,Misc,1397
2023-12-09,Salaries,31278
2023-12-09,Office Rent,8968
2023-12-09,Cloud Tools,3461
2023-12-09,Misc,1137
2023-12-10,Salaries,20761
2023-12-10,Office Rent,10197
2023-12-10,Cloud Tools,3862
2023-12-10,Misc,1780
2023-12-11,Salaries,20592
2023-12-11,Office Rent,9600
2023-12-11,Cloud Tools,6725
2023-12-11,Misc,3347
2023-12-12,Salaries,21446
2023-12-12,Office Rent,9442
2023-12-12,Cloud Tools,5806
2023-12-12,Misc,3932
2023-12-13,Salaries,27450
2023-12-13,Office Rent,11325
2023-12-13,Cloud Tools,5551
2023-12-13,Misc,2336
2023-12-14,Salaries,25397
2023-12-14,Office Rent,8801
2023-12-14,Cloud Tools,6976
2023-12-14,Misc,3865
2023-12-15,Salaries,30549
2023-12-15,Office Rent,11257
2023-12-15,Cloud Tools,6939
2023-12-15,Misc,1573
2023-12-16,Salaries,27589
2023-12-16,Office Rent,8595
2023-12-16,Cloud Tools,5047
2023-12-16,Misc,1026
2023-12-17,Salaries,22428
2023-12-17,Office Rent,9343
2023-12-17,Cloud Tools,3130
2023-12-17,Misc,3686
2023-12-18,Salaries,23067
2023-12-18,Office Rent,9546
2023-12-18,Cloud Tools,6351
2023-12-18,Misc,3332
2023-12-19,Salaries,25316
2023-12-19,Office Rent,8736
2023-12-19,Cloud Tools,6847
2023-12-19,Misc,2298
2023-12-20,Salaries,21091
2023-12-20,Office Rent,8232
2023-12-20,Cloud Tools,5658
2023-12-20,Misc,1221
2023-12-21,Salaries,28644
2023-12-21,Office Rent,9659
2023-12-21,Cloud Tools,3303
2023-12-21,Misc,1935
2023-12-22,Salaries,25733
2023-12-22,Office Rent,11471
2023-12-22,Cloud Tools,4343
2023-12-22,Misc,3311
2023-12-23,Salaries,20364
2023-12-23,Office Rent,9412
2023-12-23,Cloud Tools,5789
2023-12-23,Misc,2250
2023-12-24,Salaries,28647
2023-12-24,Office Rent,9763
2023-12-24,Cloud Tools,6736
2023-12-24,Misc,2328
2023-12-25,Salaries,34840
2023-12-25,Office Rent,8327
2023-12-25,Cloud Tools,6732
2023-12-25,Misc,1818
2023-12-26,Salaries,32284
2023-12-26,Office Rent,9965
2023-12-26,Cloud Tools,6592
2023-12-26,Misc,1735
2023-12-27,Salaries,34827
2023-12-27,Office Rent,10508
2023-12-27,Cloud Tools,6606
2023-12-27,Misc,2467
2023-12-28,Salaries,23514
2023-12-28,Office Rent,11975
2023-12-28,Cloud Tools,6775
2023-12-28,Misc,1565
2023-12-29,Salaries,33915
2023-12-29,Office Rent,11598
2023-12-29,Cloud Tools,3819
2023-12-29,Misc,2714
2023-12-30,Salaries,20515
2023-12-30,Office Rent,10465
2023-12-30,Cloud Tools,4124
2023-12-30,Misc,3455
2023-12-31,Salaries,29620
2023-12-31,Office Rent,9153
2023-12-31,Cloud Tools,6590
2023-12-31,Misc,1843
2024-01-01,Salaries,28131
2024-01-01,Office Rent,8034
2024-01-01,Cloud Tools,5046
2024-01-01,Misc,2767
2024-01-02,Salaries,34489
2024-01-02,Office Rent,11473
2024-01-02,Cloud Tools,6135
2024-01-02,Misc,2782
2024-01-03,Salaries,27033
2024-01-03,Office Rent,10615
2024-01-03,Cloud Tools,3228
2024-01-03,Misc,1975
2024-01-04,Salaries,25942
2024-01-04,Office Rent,11979
2024-01-04,Cloud Tools,6048
2024-01-04,Misc,2276
2024-01-05,Salaries,21511
2024-01-05,Office Rent,8804
2024-01-05,Cloud Tools,3563
2024-01-05,Misc,3962
2024-01-06,Salaries,34350
2024-01-06,Office Rent,8894
2024-01-06,Cloud Tools,3853
2024-01-06,Misc,1339
2024-01-07,Salaries,22410
2024-01-07,Office Rent,8179
2024-01-07,Cloud Tools,3588
2024-01-07,Misc,3262
2024-01-08,Salaries,22045
2024-01-08,Office Rent,9758
2024-01-08,Cloud Tools,6225
2024-01-08,Misc,3399
2024-01-09,Salaries,34356
2024-01-09,Office Rent,9616
2024-01-09,Cloud Tools,6036
2024-01-09,Misc,1564
2024-01-10,Salaries,24764
2024-01-10,Office Rent,10991
2024-01-10,Cloud Tools,3368
2024-01-10,Misc,3706
2024-01-11,Salaries,32981
2024-01-11,Office Rent,9101
2024-01-11,Cloud Tools,6966
2024-01-11,Misc,2142
2024-01-12,Salaries,32646
2024-01-12,Office Rent,11926
2024-01-12,Cloud Tools,4640
2024-01-12,Misc,2537
2024-01-13,Salaries,21650
2024-01-13,Office Rent,8502
2024-01-13,Cloud Tools,5079
2024-01-13,Misc,3405
2024-01-14,Salaries,28253
2024-01-14,Office Rent,9120
2024-01-14,Cloud Tools,6449
2024-01-14,Misc,2670
2024-01-15,Salaries,25615
2024-01-15,Office Rent,9633
2024-01-15,Cloud Tools,3451
2024-01-15,Misc,3453
2024-01-16,Salaries,21692
2024-01-16,Office Rent,11178
2024-01-16,Cloud Tools,6560
2024-01-16,Misc,1356
2024-01-17,Salaries,34466
2024-01-17,Office Rent,9045
2024-01-17,Cloud Tools,3595
2024-01-17,Misc,2624
2024-01-18,Salaries,34561
2024-01-18,Office Rent,9129
2024-01-18,Cloud Tools,4972
2024-01-18,Misc,3441
2024-01-19,Salaries,24966
2024-01-19,Office Rent,10030
2024-01-19,Cloud Tools,6172
2024-01-19,Misc,2831
2024-01-20,Salaries,23953
2024-01-20,Office Rent,11219
2024-01-20,Cloud Tools,6964
2024-01-20,Misc,3134
2024-01-21,Salaries,22570
2024-01-21,Office Rent,11719
2024-01-21,Cloud Tools,3092
2024-01-21,Misc,1803
2024-01-22,Salaries,30392
2024-01-22,Office Rent,11494
2024-01-22,Cloud Tools,3353
2024-01-22,Misc,1878
2024-01-23,Salaries,24703
2024-01-23,Office Rent,11645
2024-01-23,Cloud Tools,4896
2024-01-23,Misc,1982
2024-01-24,Salaries,22964
2024-01-24,Office Rent,10962
2024-01-24,Cloud Tools,5456
2024-01-24,Misc,2110
2024-01-25,Salaries,26354
2024-01-25,Office Rent,11972
2024-01-25,Cloud Tools,3382
2024-01-25,Misc,2618
2024-01-26,Salaries,32002
2024-01-26,Office Rent,9547
2024-01-26,Cloud Tools,5918
2024-01-26,Misc,2028
2024-01-27,Salaries,33387
2024-01-27,Office Rent,10458
2024-01-27,Cloud Tools,5051
2024-01-27,Misc,2106
2024-01-28,Salaries,25036
2024-01-28,Office Rent,8430
2024-01-28,Cloud Tools,6543
2024-01-28,Misc,3459
2024-01-29,Salaries,26112
2024-01-29,Office Rent,10082
2024-01-29,Cloud Tools,4265
2024-01-29,Misc,1907
2024-01-30,Salaries,34415
2024-01-30,Office Rent,10122
2024-01-30,Cloud Tools,5858
2024-01-30,Misc,1283
2024-01-31,Salaries,20726
2024-01-31,Office Rent,9781
2024-01-31,Cloud Tools,6309
2024-01-31,Misc,1336
2024-02-01,Salaries,23602
2024-02-01,Office Rent,9994
2024-02-01,Cloud Tools,4987
2024-02-01,Misc,1585
2024-02-02,Salaries,21914
2024-02-02,Office Rent,8566
2024-02-02,Cloud Tools,5130
2024-02-02,Misc,2699
2024-02-03,Salaries,30557
2024-02-03,Office Rent,8874
2024-02-03,Cloud Tools,5726
2024-02-03,Misc,2651
2024-02-04,Salaries,21320
2024-02-04,Office Rent,10747
2024-02-04,Cloud Tools,4790
2024-02-04,Misc,2365
2024-02-05,Salaries,22881
2024-02-05,Office Rent,8954
2024-02-05,Cloud Tools,4888
2024-02-05,Misc,2447
2024-02-06,Salaries,27130
2024-02-06,Office Rent,10066
2024-02-06,Cloud Tools,4846
2024-02-06,Misc,3861
2024-02-07,Salaries,34339
2024-02-07,Office Rent,10514
2024-02-07,Cloud Tools,5237
2024-02-07,Misc,2304
2024-02-08,Salaries,28254
2024-02-08,Office Rent,9013
2024-02-08,Cloud Tools,5037
2024-02-08,Misc,2989
2024-02-09,Salaries,30094
2024-02-09,Office Rent,9804
2024-02-09,Cloud Tools,6325
2024-02-09,Misc,2877
2024-02-10,Salaries,25891
2024-02-10,Office Rent,9025
2024-02-10,Cloud Tools,5114
2024-02-10,Misc,1877
2024-02-11,Salaries,23357
2024-02-11,Office Rent,8131
2024-02-11,Cloud Tools,4071
2024-02-11,Misc,3652
2024-02-12,Salaries,27084
2024-02-12,Office Rent,8992
2024-02-12,Cloud Tools,4676
2024-02-12,Misc,2070
2024-02-13,Salaries,27398
2024-02-13,Office Rent,9759
2024-02-13,Cloud Tools,5331
2024-02-13,Misc,3596
2024-02-14,Salaries,31291
2024-02-14,Office Rent,9434
2024-02-14,Cloud Tools,6544
2024-02-14,Misc,3949
2024-02-15,Salaries,25341
2024-02-15,Office Rent,9399
2024-02-15,Cloud Tools,4032
2024-02-15,Misc,1901
2024-02-16,Salaries,23484
2024-02-16,Office Rent,9494
2024-02-16,Cloud Tools,6141
2024-02-16,Misc,1341
2024-02-17,Salaries,20065
2024-02-17,Office Rent,8606
2024-02-17,Cloud Tools,6764
2024-02-17,Misc,3793
2024-02-18,Salaries,31524
2024-02-18,Office Rent,10579
2024-02-18,Cloud Tools,4419
2024-02-18,Misc,2381
2024-02-19,Salaries,32645
2024-02-19,Office Rent,9415
2024-02-19,Cloud Tools,3375
2024-02-19,Misc,2209
2024-02-20,Salaries,25424
2024-02-20,Office Rent,10111
2024-02-20,Cloud Tools,3177
2024-02-20,Misc,1234
2024-02-21,Salaries,22912
2024-02-21,Office Rent,8761
2024-02-21,Cloud Tools,6878
2024-02-21,Misc,3087
2024-02-22,Salaries,25406
2024-02-22,Office Rent,9282
2024-02-22,Cloud Tools,6538
2024-02-22,Misc,2263
2024-02-23,Salaries,31766
2024-02-23,Office Rent,9607
2024-02-23,Cloud Tools,6613
2024-02-23,Misc,1350
2024-02-24,Salaries,24636
2024-02-24,Office Rent,11013
2024-02-24,Cloud Tools,6383
2024-02-24,Misc,2622
2024-02-25,Salaries,27275
2024-02-25,Office Rent,10878
2024-02-25,Cloud Tools,3029
2024-02-25,Misc,1308
2024-02-26,Salaries,29701
2024-02-26,Office Rent,10093
2024-02-26,Cloud Tools,6430
2024-02-26,Misc,1136
2024-02-27,Salaries,20774
2024-02-27,Office Rent,9598
2024-02-27,Cloud Tools,4454
2024-02-27,Misc,3603
2024-02-28,Salaries,22480
2024-02-28,Office Rent,8846
2024-02-28,Cloud Tools,3206
2024-02-28,Misc,3004
2024-02-29,Salaries,30685
2024-02-29,Office Rent,11130
2024-02-29,Cloud Tools,4229
2024-02-29,Misc,3378
2024-03-01,Salaries,24691
2024-03-01,Office Rent,10572
2024-03-01,Cloud Tools,5796
2024-03-01,Misc,2127
2024-03-02,Salaries,26502
2024-03-02,Office Rent,8851
2024-03-02,Cloud Tools,6436
2024-03-02,Misc,1554
2024-03-03,Salaries,29394
2024-03-03,Office Rent,10405
2024-03-03,Cloud Tools,4287
2024-03-03,Misc,1754
2024-03-04,Salaries,28740
2024-03-04,Office Rent,11945
2024-03-04,Cloud Tools,4376
2024-03-04,Misc,2387
2024-03-05,Salaries,29465
2024-03-05,Office Rent,9143
2024-03-05,Cloud Tools,6263
2024-03-05,Misc,1806
2024-03-06,Salaries,21927
2024-03-06,Office Rent,11133
2024-03-06,Cloud Tools,4233
2024-03-06,Misc,3099
2024-03-07,Salaries,21745
2024-03-07,Office Rent,8312
2024-03-07,Cloud Tools,6988
2024-03-07,Misc,2302
2024-03-08,Salaries,32675
2024-03-08,Office Rent,9225
2024-03-08,Cloud Tools,5186
2024-03-08,Misc,2875
2024-03-09,Salaries,22066
2024-03-09,Office Rent,10368
2024-03-09,Cloud Tools,3094
2024-03-09,Misc,1129
2024-03-10,Salaries,27272
2024-03-10,Office Rent,10992
2024-03-10,Cloud Tools,6268
2024-03-10,Misc,2953
2024-03-11,Salaries,30499
2024-03-11,Office Rent,8986
2024-03-11,Cloud Tools,6110
2024-03-11,Misc,1816
2024-03-12,Salaries,27298
2024-03-12,Office Rent,10201
2024-03-12,Cloud Tools,5600
2024-03-12,Misc,3169
2024-03-13,Salaries,21779
2024-03-13,Office Rent,8756
2024-03-13,Cloud Tools,4167
2024-03-13,Misc,3594
2024-03-14,Salaries,25330
2024-03-14,Office Rent,10447
2024-03-14,Cloud Tools,6104
2024-03-14,Misc,1405
2024-03-15,Salaries,30044
2024-03-15,Office Rent,10411
2024-03-15,Cloud Tools,6027
2024-03-15,Misc,2989
2024-03-16,Salaries,28354
2024-03-16,Office Rent,10811
2024-03-16,Cloud Tools,3550
2024-03-16,Misc,1130
2024-03-17,Salaries,23167
2024-03-17,Office Rent,10700
2024-03-17,Cloud Tools,6055
2024-03-17,Misc,3317
2024-03-18,Salaries,25800
2024-03-18,Office Rent,10951
2024-03-18,Cloud Tools,6438
2024-03-18,Misc,1786
2024-03-19,Salaries,30604
2024-03-19,Office Rent,9933
2024-03-19,Cloud Tools,6505
2024-03-19,Misc,3658
2024-03-20,Salaries,23132
2024-03-20,Office Rent,10979
2024-03-20,Cloud Tools,4346
2024-03-20,Misc,3636
2024-03-21,Salaries,34543
2024-03-21,Office Rent,10395
2024-03-21,Cloud Tools,3044
2024-03-21,Misc,1346
2024-03-22,Salaries,33001
2024-03-22,Office Rent,11793
2024-03-22,Cloud Tools,6911
2024-03-22,Misc,1646
2024-03-23,Salaries,30608
2024-03-23,Office Rent,10581
2024-03-23,Cloud Tools,3357
2024-03-23,Misc,3542
2024-03-24,Salaries,25000
2024-03-24,Office Rent,8059
2024-03-24,Cloud Tools,5345
2024-03-24,Misc,3106
2024-03-25,Salaries,24326
2024-03-25,Office Rent,10844
2024-03-25,Cloud Tools,6766
2024-03-25,Misc,1447
2024-03-26,Salaries,34948
2024-03-26,Office Rent,11697
2024-03-26,Cloud Tools,5415
2024-03-26,Misc,1553
2024-03-27,Salaries,25148
2024-03-27,Office Rent,11035
2024-03-27,Cloud Tools,5324
2024-03-27,Misc,3656
2024-03-28,Salaries,33690
2024-03-28,Office Rent,8830
2024-03-28,Cloud Tools,3037
2024-03-28,Misc,2230
2024-03-29,Salaries,25825
2024-03-29,Office Rent,11723
2024-03-29,Cloud Tools,3288
2024-03-29,Misc,2516
2024-03-30,Salaries,27936
2024-03-30,Office Rent,9248
2024-03-30,Cloud Tools,5499
2024-03-30,Misc,3075
2024-03-31,Salaries,32989
2024-03-31,Office Rent,10804
2024-03-31,Cloud Tools,5381
2024-03-31,Misc,2396
2024-04-01,Salaries,34138
2024-04-01,Office Rent,10608
2024-04-01,Cloud Tools,6372
2024-04-01,Misc,1203
2024-04-02,Salaries,26522
2024-04-02,Office Rent,10949
2024-04-02,Cloud Tools,4138
2024-04-02,Misc,2043
2024-04-03,Salaries,33295
2024-04-03,Office Rent,9620
2024-04-03,Cloud Tools,5959
2024-04-03,Misc,3443
2024-04-04,Salaries,23836
2024-04-04,Office Rent,11123
2024-04-04,Cloud Tools,6731
2024-04-04,Misc,1352
2024-04-05,Salaries,21137
2024-04-05,Office Rent,10561
2024-04-05,Cloud Tools,3545
2024-04-05,Misc,1281
2024-04-06,Salaries,28864
2024-04-06,Office Rent,11241
2024-04-06,Cloud Tools,5653
2024-04-06,Misc,1759
2024-04-07,Salaries,29536
2024-04-07,Office Rent,10413
2024-04-07,Cloud Tools,3519
2024-04-07,Misc,1109
2024-04-08,Salaries,31807
2024-04-08,Office Rent,11634
2024-04-08,Cloud Tools,3952
2024-04-08,Misc,1679
2024-04-09,Salaries,29793
2024-04-09,Office Rent,11614
2024-04-09,Cloud Tools,3958
2024-04-09,Misc,3371
2024-04-10,Salaries,26071
2024-04-10,Office Rent,10059
2024-04-10,Cloud Tools,4822
2024-04-10,Misc,3024
2024-04-11,Salaries,21184
2024-04-11,Office Rent,10311
2024-04-11,Cloud Tools,6773
2024-04-11,Misc,1379
2024-04-12,Salaries,22127
2024-04-12,Office Rent,9294
2024-04-12,Cloud Tools,5472
2024-04-12,Misc,1615
2024-04-13,Salaries,20435
2024-04-13,Office Rent,8921
2024-04-13,Cloud Tools,6149
2024-04-13,Misc,2547
2024-04-14,Salaries,24890
2024-04-14,Office Rent,9134
2024-04-14,Cloud Tools,6038
2024-04-14,Misc,1451
2024-04-15,Salaries,24355
2024-04-15,Office Rent,10869
2024-04-15,Cloud Tools,6422
2024-04-15,Misc,3755
2024-04-16,Salaries,33495
2024-04-16,Office Rent,10705
2024-04-16,Cloud Tools,5222
2024-04-16,Misc,1711
2024-04-17,Salaries,25819
2024-04-17,Office Rent,11689
2024-04-17,Cloud Tools,4978
2024-04-17,Misc,2409
2024-04-18,Salaries,32152
2024-04-18,Office Rent,10632
2024-04-18,Cloud Tools,6343
2024-04-18,Misc,3233
2024-04-19,Salaries,30891
2024-04-19,Office Rent,9924
2024-04-19,Cloud Tools,3166
2024-04-19,Misc,3190
2024-04-20,Salaries,24588
2024-04-20,Office Rent,10119
2024-04-20,Cloud Tools,6415
2024-04-20,Misc,3546
2024-04-21,Salaries,26290
2024-04-21,Office Rent,11684
2024-04-21,Cloud Tools,6572
2024-04-21,Misc,2361
2024-04-22,Salaries,21108
2024-04-22,Office Rent,9840
2024-04-22,Cloud Tools,5938
2024-04-22,Misc,3854
2024-04-23,Salaries,23214
2024-04-23,Office Rent,8890
2024-04-23,Cloud Tools,4334
2024-04-23,Misc,2730
2024-04-24,Salaries,21719
2024-04-24,Office Rent,10860
2024-04-24,Cloud Tools,3970
2024-04-24,Misc,1066
2024-04-25,Salaries,27901
2024-04-25,Office Rent,11845
2024-04-25,Cloud Tools,3837
2024-04-25,Misc,1926
2024-04-26,Salaries,23605
2024-04-26,Office Rent,8340
2024-04-26,Cloud Tools,6749
2024-04-26,Misc,1101
2024-04-27,Salaries,31577
2024-04-27,Office Rent,11996
2024-04-27,Cloud Tools,3951
2024-04-27,Misc,2133
2024-04-28,Salaries,25002
2024-04-28,Office Rent,9455
2024-04-28,Cloud Tools,5389
2024-04-28,Misc,1827
2024-04-29,Salaries,33490
2024-04-29,Office Rent,10726
2024-04-29,Cloud Tools,5181
2024-04-29,Misc,2053
2024-04-30,Salaries,27018
2024-04-30,Office Rent,11544
2024-04-30,Cloud Tools,3995
2024-04-30,Misc,1384
2024-05-01,Salaries,28789
2024-05-01,Office Rent,8008
2024-05-01,Cloud Tools,3135
2024-05-01,Misc,2313
2024-05-02,Salaries,33263
2024-05-02,Office Rent,8978
2024-05-02,Cloud Tools,4671
2024-05-02,Misc,3090
2024-05-03,Salaries,31368
2024-05-03,Office Rent,9847
2024-05-03,Cloud Tools,6102
2024-05-03,Misc,3834
2024-05-04,Salaries,21788
2024-05-04,Office Rent,9242
2024-05-04,Cloud Tools,5007
2024-05-04,Misc,1112
2024-05-05,Salaries,23766
2024-05-05,Office Rent,11331
2024-05-05,Cloud Tools,5059
2024-05-05,Misc,2363
2024-05-06,Salaries,31111
2024-05-06,Office Rent,11995
2024-05-06,Cloud Tools,5293
2024-05-06,Misc,3556
2024-05-07,Salaries,23375
2024-05-07,Office Rent,11959
2024-05-07,Cloud Tools,6963
2024-05-07,Misc,2536
2024-05-08,Salaries,23432
2024-05-08,Office Rent,11786
2024-05-08,Cloud Tools,5091
2024-05-08,Misc,2342
2024-05-09,Salaries,34942
2024-05-09,Office Rent,9512
2024-05-09,Cloud Tools,6365
2024-05-09,Misc,3556
2024-05-10,Salaries,27688
2024-05-10,Office Rent,9797
2024-05-10,Cloud Tools,4349
2024-05-10,Misc,2276
2024-05-11,Salaries,20307
2024-05-11,Office Rent,9346
2024-05-11,Cloud Tools,4631
2024-05-11,Misc,1866
2024-05-12,Salaries,27055
2024-05-12,Office Rent,11713
2024-05-12,Cloud Tools,5083
2024-05-12,Misc,2640
2024-05-13,Salaries,32998
2024-05-13,Office Rent,9314
2024-05-13,Cloud Tools,6959
2024-05-13,Misc,3988
2024-05-14,Salaries,28109
2024-05-14,Office Rent,9628
2024-05-14,Cloud Tools,4512
2024-05-14,Misc,3283
2024-05-15,Salaries,27552
2024-05-15,Office Rent,10408
2024-05-15,Cloud Tools,6778
2024-05-15,Misc,2279
2024-05-16,Salaries,29059
2024-05-16,Office Rent,9382
2024-05-16,Cloud Tools,6614
2024-05-16,Misc,3072
2024-05-17,Salaries,31054
2024-05-17,Office Rent,10999
2024-05-17,Cloud Tools,3983
2024-05-17,Misc,2024
2024-05-18,Salaries,30597
2024-05-18,Office Rent,8117
2024-05-18,Cloud Tools,5526
2024-05-18,Misc,3724
2024-05-19,Salaries,26602
2024-05-19,Office Rent,10160
2024-05-19,Cloud Tools,4218
2024-05-19,Misc,2043
2024-05-20,Salaries,22505
2024-05-20,Office Rent,11814
2024-05-20,Cloud Tools,6519
2024-05-20,Misc,3687
2024-05-21,Salaries,23156
2024-05-21,Office Rent,8575
2024-05-21,Cloud Tools,6345
2024-05-21,Misc,3847
2024-05-22,Salaries,20402
2024-05-22,Office Rent,8252
2024-05-22,Cloud Tools,4629
2024-05-22,Misc,3709
2024-05-23,Salaries,32956
2024-05-23,Office Rent,8727
2024-05-23,Cloud Tools,6331
2024-05-23,Misc,2457
2024-05-24,Salaries,24043
2024-05-24,Office Rent,10659
2024-05-24,Cloud Tools,4145
2024-05-24,Misc,2540
2024-05-25,Salaries,29170
2024-05-25,Office Rent,11816
2024-05-25,Cloud Tools,5726
2024-05-25,Misc,1568
2024-05-26,Salaries,32830
2024-05-26,Office Rent,8518
2024-05-26,Cloud Tools,5059
2024-05-26,Misc,1009
2024-05-27,Salaries,32444
2024-05-27,Office Rent,11059
2024-05-27,Cloud Tools,5772
2024-05-27,Misc,1140
2024-05-28,Salaries,24054
2024-05-28,Office Rent,10686
2024-05-28,Cloud Tools,6781
2024-05-28,Misc,1136
2024-05-29,Salaries,24786
2024-05-29,Office Rent,9623
2024-05-29,Cloud Tools,4423
2024-05-29,Misc,3490
2024-05-30,Salaries,21465
2024-05-30,Office Rent,11338
2024-05-30,Cloud Tools,3675
2024-05-30,Misc,2536
2024-05-31,Salaries,22324
2024-05-31,Office Rent,11755
2024-05-31,Cloud Tools,4379
2024-05-31,Misc,1932
2024-06-01,Salaries,32037
2024-06-01,Office Rent,11725
2024-06-01,Cloud Tools,6164
2024-06-01,Misc,3688
2024-06-02,Salaries,27303
2024-06-02,Office Rent,10158
2024-06-02,Cloud Tools,4067
2024-06-02,Misc,3938
2024-06-03,Salaries,20210
2024-06-03,Office Rent,10390
2024-06-03,Cloud Tools,6430
2024-06-03,Misc,3408
2024-06-04,Salaries,26554
2024-06-04,Office Rent,10806
2024-06-04,Cloud Tools,3507
2024-06-04,Misc,1231
2024-06-05,Salaries,20803
2024-06-05,Office Rent,9193
2024-06-05,Cloud Tools,6475
2024-06-05,Misc,1233
2024-06-06,Salaries,22567
2024-06-06,Office Rent,10349
2024-06-06,Cloud Tools,5147
2024-06-06,Misc,3300
2024-06-07,Salaries,30547
2024-06-07,Office Rent,10841
2024-06-07,Cloud Tools,5850
2024-06-07,Misc,2723
2024-06-08,Salaries,32674
2024-06-08,Office Rent,9146
2024-06-08,Cloud Tools,3131
2024-06-08,Misc,3268
2024-06-09,Salaries,30301
2024-06-09,Office Rent,8831
2024-06-09,Cloud Tools,6761
2024-06-09,Misc,1731
2024-06-10,Salaries,28594
2024-06-10,Office Rent,10218
2024-06-10,Cloud Tools,4499
2024-06-10,Misc,2617
2024-06-11,Salaries,32301
2024-06-11,Office Rent,8269
2024-06-11,Cloud Tools,4077
2024-06-11,Misc,2154
2024-06-12,Salaries,26856
2024-06-12,Office Rent,10919
2024-06-12,Cloud Tools,4796
2024-06-12,Misc,2540
2024-06-13,Salaries,26772
2024-06-13,Office Rent,10348
2024-06-13,Cloud Tools,5751
2024-06-13,Misc,2983
2024-06-14,Salaries,26058
2024-06-14,Office Rent,8426
2024-06-14,Cloud Tools,5163
2024-06-14,Misc,3283
2024-06-15,Salaries,33874
2024-06-15,Office Rent,10060
2024-06-15,Cloud Tools,6289
2024-06-15,Misc,2352
2024-06-16,Salaries,24163
2024-06-16,Office Rent,10790
2024-06-16,Cloud Tools,5884
2024-06-16,Misc,1390
2024-06-17,Salaries,33403
2024-06-17,Office Rent,10151
2024-06-17,Cloud Tools,6661
2024-06-17,Misc,3007
2024-06-18,Salaries,33737
2024-06-18,Office Rent,10661
2024-06-18,Cloud Tools,3772
2024-06-18,Misc,2966
2024-06-19,Salaries,30543
2024-06-19,Office Rent,10426
2024-06-19,Cloud Tools,6809
2024-06-19,Misc,2415
2024-06-20,Salaries,23476
2024-06-20,Office Rent,8087
2024-06-20,Cloud Tools,5677
2024-06-20,Misc,2815
2024-06-21,Salaries,33964
2024-06-21,Office Rent,8624
2024-06-21,Cloud Tools,4934
2024-06-21,Misc,2272
2024-06-22,Salaries,34701
2024-06-22,Office Rent,9112
2024-06-22,Cloud Tools,5924
2024-06-22,Misc,3779
2024-06-23,Salaries,33286
2024-06-23,Office Rent,10503
2024-06-23,Cloud Tools,5462
2024-06-23,Misc,1454
2024-06-24,Salaries,23634
2024-06-24,Office Rent,10558
2024-06-24,Cloud Tools,6246
2024-06-24,Misc,1934
2024-06-25,Salaries,24304
2024-06-25,Office Rent,11700
2024-06-25,Cloud Tools,6384
2024-06-25,Misc,3418
2024-06-26,Salaries,25432
2024-06-26,Office Rent,10850
2024-06-26,Cloud Tools,4527
2024-06-26,Misc,3133
2024-06-27,Salaries,32934
2024-06-27,Office Rent,10868
2024-06-27,Cloud Tools,6337
2024-06-27,Misc,2243
2024-06-28,Salaries,34630
2024-06-28,Office Rent,9721
2024-06-28,Cloud Tools,5026
2024-06-28,Misc,3553
2024-06-29,Salaries,34300
2024-06-29,Office Rent,9186
2024-06-29,Cloud Tools,4150
2024-06-29,Misc,3874
2024-06-30,Salaries,24212
2024-06-30,Office Rent,9429
2024-06-30,Cloud Tools,3648
2024-06-30,Misc,1355
2024-07-01,Salaries,22823
2024-07-01,Office Rent,9022
2024-07-01,Cloud Tools,6293
2024-07-01,Misc,2173
2024-07-02,Salaries,26379
2024-07-02,Office Rent,11934
2024-07-02,Cloud Tools,4191
2024-07-02,Misc,2518
2024-07-03,Salaries,31675
2024-07-03,Office Rent,10989
2024-07-03,Cloud Tools,3068
2024-07-03,Misc,2744
2024-07-04,Salaries,20266
2024-07-04,Office Rent,11221
2024-07-04,Cloud Tools,3814
2024-07-04,Misc,2880
2024-07-05,Salaries,21548
2024-07-05,Office Rent,8381
2024-07-05,Cloud Tools,4635
2024-07-05,Misc,1373
2024-07-06,Salaries,28876
2024-07-06,Office Rent,8505
2024-07-06,Cloud Tools,5284
2024-07-06,Misc,3372
2024-07-07,Salaries,27417
2024-07-07,Office Rent,10637
2024-07-07,Cloud Tools,5837
2024-07-07,Misc,2474
2024-07-08,Salaries,24849
2024-07-08,Office Rent,9954
2024-07-08,Cloud Tools,4951
2024-07-08,Misc,2445
2024-07-09,Salaries,25945
2024-07-09,Office Rent,9239
2024-07-09,Cloud Tools,3731
2024-07-09,Misc,1020
2024-07-10,Salaries,32592
2024-07-10,Office Rent,11424
2024-07-10,Cloud Tools,3603
2024-07-10,Misc,3854
2024-07-11,Salaries,21009
2024-07-11,Office Rent,8444
2024-07-11,Cloud Tools,6683
2024-07-11,Misc,3313
2024-07-12,Salaries,27140
2024-07-12,Office Rent,9191
2024-07-12,Cloud Tools,4081
2024-07-12,Misc,3648
2024-07-13,Salaries,33996
2024-07-13,Office Rent,11728
2024-07-13,Cloud Tools,5680
2024-07-13,Misc,1756
2024-07-14,Salaries,32611
2024-07-14,Office Rent,9289
2024-07-14,Cloud Tools,6956
2024-07-14,Misc,2085
2024-07-15,Salaries,34424
2024-07-15,Office Rent,10463
2024-07-15,Cloud Tools,4607
2024-07-15,Misc,3729
2024-07-16,Salaries,31948
2024-07-16,Office Rent,9099
2024-07-16,Cloud Tools,5452
2024-07-16,Misc,3412
2024-07-17,Salaries,32186
2024-07-17,Office Rent,11967
2024-07-17,Cloud Tools,6741
2024-07-17,Misc,1384
2024-07-18,Salaries,24104
2024-07-18,Office Rent,10562
2024-07-18,Cloud Tools,6440
2024-07-18,Misc,3356
2024-07-19,Salaries,22217
2024-07-19,Office Rent,8146
2024-07-19,Cloud Tools,6589
2024-07-19,Misc,2926
2024-07-20,Salaries,23754
2024-07-20,Office Rent,8079
2024-07-20,Cloud Tools,3803
2024-07-20,Misc,3499
2024-07-21,Salaries,31729
2024-07-21,Office Rent,9759
2024-07-21,Cloud Tools,6935
2024-07-21,Misc,1977
2024-07-22,Salaries,24902
2024-07-22,Office Rent,9578
2024-07-22,Cloud Tools,4956
2024-07-22,Misc,3804
2024-07-23,Salaries,27579
2024-07-23,Office Rent,9585
2024-07-23,Cloud Tools,3294
2024-07-23,Misc,2153
2024-07-24,Salaries,26012
2024-07-24,Office Rent,9787
2024-07-24,Cloud Tools,4188
2024-07-24,Misc,1612
2024-07-25,Salaries,31122
2024-07-25,Office Rent,10497
2024-07-25,Cloud Tools,4810
2024-07-25,Misc,1068
2024-07-26,Salaries,24651
2024-07-26,Office Rent,10956
2024-07-26,Cloud Tools,4685
2024-07-26,Misc,1499
2024-07-27,Salaries,23206
2024-07-27,Office Rent,11969
2024-07-27,Cloud Tools,3829
2024-07-27,Misc,1501
2024-07-28,Salaries,29165
2024-07-28,Office Rent,11416
2024-07-28,Cloud Tools,3729
2024-07-28,Misc,1900
2024-07-29,Salaries,20659
2024-07-29,Office Rent,11709
2024-07-29,Cloud Tools,3760
2024-07-29,Misc,3101
2024-07-30,Salaries,28523
2024-07-30,Office Rent,8958
2024-07-30,Cloud Tools,6491
2024-07-30,Misc,2758
2024-07-31,Salaries,25840
2024-07-31,Office Rent,10703
2024-07-31,Cloud Tools,3312
2024-07-31,Misc,2855
2024-08-01,Salaries,31401
2024-08-01,Office Rent,8354
2024-08-01,Cloud Tools,4525
2024-08-01,Misc,3272
2024-08-02,Salaries,32901
2024-08-02,Office Rent,8098
2024-08-02,Cloud Tools,5354
2024-08-02,Misc,1794
2024-08-03,Salaries,30630
2024-08-03,Office Rent,11162
2024-08-03,Cloud Tools,6880
2024-08-03,Misc,3421
2024-08-04,Salaries,28395
2024-08-04,Office Rent,11965
2024-08-04,Cloud Tools,4773
2024-08-04,Misc,1608
2024-08-05,Salaries,30872
2024-08-05,Office Rent,11980
2024-08-05,Cloud Tools,4140
2024-08-05,Misc,1065
2024-08-06,Salaries,30370
2024-08-06,Office Rent,8778
2024-08-06,Cloud Tools,3900
2024-08-06,Misc,1827
2024-08-07,Salaries,33697
2024-08-07,Office Rent,10139
2024-08-07,Cloud Tools,4100
2024-08-07,Misc,1738
2024-08-08,Salaries,34183
2024-08-08,Office Rent,11391
2024-08-08,Cloud Tools,5700
2024-08-08,Misc,3101
2024-08-09,Salaries,23723
2024-08-09,Office Rent,8657
2024-08-09,Cloud Tools,6857
2024-08-09,Misc,3726
2024-08-10,Salaries,29301
2024-08-10,Office Rent,11212
2024-08-10,Cloud Tools,5092
2024-08-10,Misc,2663
2024-08-11,Salaries,28037
2024-08-11,Office Rent,10164
2024-08-11,Cloud Tools,3146
2024-08-11,Misc,3706
2024-08-12,Salaries,25140
2024-08-12,Office Rent,8535
2024-08-12,Cloud Tools,6229
2024-08-12,Misc,2499
2024-08-13,Salaries,25167
2024-08-13,Office Rent,8418
2024-08-13,Cloud Tools,4133
2024-08-13,Misc,3618
2024-08-14,Salaries,33285
2024-08-14,Office Rent,11600
2024-08-14,Cloud Tools,6375
2024-08-14,Misc,3529
2024-08-15,Salaries,31830
2024-08-15,Office Rent,11208
2024-08-15,Cloud Tools,4100
2024-08-15,Misc,3317
2024-08-16,Salaries,20921
2024-08-16,Office Rent,8691
2024-08-16,Cloud Tools,4108
2024-08-16,Misc,1811
2024-08-17,Salaries,31731
2024-08-17,Office Rent,9674
2024-08-17,Cloud Tools,6890
2024-08-17,Misc,1241
2024-08-18,Salaries,24029
2024-08-18,Office Rent,10978
2024-08-18,Cloud Tools,4087
2024-08-18,Misc,2263
2024-08-19,Salaries,31358
2024-08-19,Office Rent,9681
2024-08-19,Cloud Tools,5445
2024-08-19,Misc,3935
2024-08-20,Salaries,22096
2024-08-20,Office Rent,9476
2024-08-20,Cloud Tools,5192
2024-08-20,Misc,1916
2024-08-21,Salaries,32685
2024-08-21,Office Rent,8770
2024-08-21,Cloud Tools,3670
2024-08-21,Misc,2752
2024-08-22,Salaries,25422
2024-08-22,Office Rent,8427
2024-08-22,Cloud Tools,6088
2024-08-22,Misc,1080
2024-08-23,Salaries,30423
2024-08-23,Office Rent,10514
2024-08-23,Cloud Tools,5330
2024-08-23,Misc,3137
2024-08-24,Salaries,28900
2024-08-24,Office Rent,10689
2024-08-24,Cloud Tools,6663
2024-08-24,Misc,2981
2024-08-25,Salaries,21388
2024-08-25,Office Rent,8202
2024-08-25,Cloud Tools,6302
2024-08-25,Misc,1598
2024-08-26,Salaries,24101
2024-08-26,Office Rent,10404
2024-08-26,Cloud Tools,6520
2024-08-26,Misc,3102
2024-08-27,Salaries,33378
2024-08-27,Office Rent,9720
2024-08-27,Cloud Tools,3146
2024-08-27,Misc,1585
2024-08-28,Salaries,29171
2024-08-28,Office Rent,11722
2024-08-28,Cloud Tools,3735
2024-08-28,Misc,1694
2024-08-29,Salaries,33407
2024-08-29,Office Rent,11562
2024-08-29,Cloud Tools,4956
2024-08-29,Misc,1853
2024-08-30,Salaries,20247
2024-08-30,Office Rent,10179
2024-08-30,Cloud Tools,4548
2024-08-30,Misc,3396
2024-08-31,Salaries,24537
2024-08-31,Office Rent,10303
2024-08-31,Cloud Tools,4409
2024-08-31,Misc,3552
2024-09-01,Salaries,31963
2024-09-01,Office Rent,9624
2024-09-01,Cloud Tools,5463
2024-09-01,Misc,3366
2024-09-02,Salaries,34651
2024-09-02,Office Rent,11737
2024-09-02,Cloud Tools,3985
2024-09-02,Misc,1997
2024-09-03,Salaries,25781
2024-09-03,Office Rent,10377
2024-09-03,Cloud Tools,6203
2024-09-03,Misc,2270
2024-09-04,Salaries,23134
2024-09-04,Office Rent,11753
2024-09-04,Cloud Tools,4932
2024-09-04,Misc,2420
2024-09-05,Salaries,24896
2024-09-05,Office Rent,8122
2024-09-05,Cloud Tools,5317
2024-09-05,Misc,3055
2024-09-06,Salaries,26873
2024-09-06,Office Rent,10389
2024-09-06,Cloud Tools,3685
2024-09-06,Misc,2661
2024-09-07,Salaries,30112
2024-09-07,Office Rent,11386
2024-09-07,Cloud Tools,5875
2024-09-07,Misc,1335
2024-09-08,Salaries,26891
2024-09-08,Office Rent,8860
2024-09-08,Cloud Tools,6900
2024-09-08,Misc,3303
2024-09-09,Salaries,22163
2024-09-09,Office Rent,10838
2024-09-09,Cloud Tools,6460
2024-09-09,Misc,2919
2024-09-10,Salaries,30289
2024-09-10,Office Rent,9187
2024-09-10,Cloud Tools,4171
2024-09-10,Misc,1554
2024-09-11,Salaries,31399
2024-09-11,Office Rent,11829
2024-09-11,Cloud Tools,6289
2024-09-11,Misc,1505
2024-09-12,Salaries,21816
2024-09-12,Office Rent,11443
2024-09-12,Cloud Tools,5281
2024-09-12,Misc,3822
2024-09-13,Salaries,30069
2024-09-13,Office Rent,8188
2024-09-13,Cloud Tools,4440
2024-09-13,Misc,2220
2024-09-14,Salaries,22597
2024-09-14,Office Rent,10571
2024-09-14,Cloud Tools,4659
2024-09-14,Misc,2579
2024-09-15,Salaries,31060
2024-09-15,Office Rent,10061
2024-09-15,Cloud Tools,3966
2024-09-15,Misc,3907
2024-09-16,Salaries,25683
2024-09-16,Office Rent,11316
2024-09-16,Cloud Tools,4715
2024-09-16,Misc,2960
2024-09-17,Salaries,27809
2024-09-17,Office Rent,10480
2024-09-17,Cloud Tools,5014
2024-09-17,Misc,1611
2024-09-18,Salaries,30701
2024-09-18,Office Rent,10925
2024-09-18,Cloud Tools,3283
2024-09-18,Misc,3670
2024-09-19,Salaries,32286
2024-09-19,Office Rent,10847
2024-09-19,Cloud Tools,4627
2024-09-19,Misc,2611
2024-09-20,Salaries,28908
2024-09-20,Office Rent,8533
2024-09-20,Cloud Tools,3681
2024-09-20,Misc,3781
2024-09-21,Salaries,27630
2024-09-21,Office Rent,9895
2024-09-21,Cloud Tools,4603
2024-09-21,Misc,1160
2024-09-22,Salaries,24269
2024-09-22,Office Rent,10952
2024-09-22,Cloud Tools,4522
2024-09-22,Misc,2359
2024-09-23,Salaries,22073
2024-09-23,Office Rent,9789
2024-09-23,Cloud Tools,6575
2024-09-23,Misc,3484
2024-09-24,Salaries,30010
2024-09-24,Office Rent,10806
2024-09-24,Cloud Tools,5058
2024-09-24,Misc,3666
2024-09-25,Salaries,21433
2024-09-25,Office Rent,11405
2024-09-25,Cloud Tools,6384
2024-09-25,Misc,1522
2024-09-26,Salaries,21693
2024-09-26,Office Rent,8087
2024-09-26,Cloud Tools,5289
2024-09-26,Misc,2155
2024-09-27,Salaries,20597
2024-09-27,Office Rent,10046
2024-09-27,Cloud Tools,4645
2024-09-27,Misc,3158
2024-09-28,Salaries,22336
2024-09-28,Office Rent,11488
2024-09-28,Cloud Tools,5121
2024-09-28,Misc,2857
2024-09-29,Salaries,34443
2024-09-29,Office Rent,11587
2024-09-29,Cloud Tools,6798
2024-09-29,Misc,2714
2024-09-30,Salaries,31930
2024-09-30,Office Rent,8800
2024-09-30,Cloud Tools,5784
2024-09-30,Misc,2619
2024-10-01,Salaries,34412
2024-10-01,Office Rent,8202
2024-10-01,Cloud Tools,5898
2024-10-01,Misc,2264
2024-10-02,Salaries,26943
2024-10-02,Office Rent,10754
2024-10-02,Cloud Tools,6443
2024-10-02,Misc,3459
2024-10-03,Salaries,29429
2024-10-03,Office Rent,10488
2024-10-03,Cloud Tools,4554
2024-10-03,Misc,1052
2024-10-04,Salaries,31774
2024-10-04,Office Rent,11159
2024-10-04,Cloud Tools,3671
2024-10-04,Misc,1008
2024-10-05,Salaries,28882
2024-10-05,Office Rent,8082
2024-10-05,Cloud Tools,6734
2024-10-05,Misc,2048
2024-10-06,Salaries,32512
2024-10-06,Office Rent,11568
2024-10-06,Cloud Tools,5477
2024-10-06,Misc,2451
2024-10-07,Salaries,25313
2024-10-07,Office Rent,9141
2024-10-07,Cloud Tools,5882
2024-10-07,Misc,3942
2024-10-08,Salaries,26043
2024-10-08,Office Rent,10807
2024-10-08,Cloud Tools,5020
2024-10-08,Misc,3125
2024-10-09,Salaries,29367
2024-10-09,Office Rent,9079
2024-10-09,Cloud Tools,6889
2024-10-09,Misc,3404
2024-10-10,Salaries,29474
2024-10-10,Office Rent,8534
2024-10-10,Cloud Tools,5721
2024-10-10,Misc,1570
2024-10-11,Salaries,24673
2024-10-11,Office Rent,10453
2024-10-11,Cloud Tools,5162
2024-10-11,Misc,2826
2024-10-12,Salaries,23998
2024-10-12,Office Rent,10521
2024-10-12,Cloud Tools,5801
2024-10-12,Misc,2839
2024-10-13,Salaries,27476
2024-10-13,Office Rent,8330
2024-10-13,Cloud Tools,4567
2024-10-13,Misc,3772
2024-10-14,Salaries,33270
2024-10-14,Office Rent,9527
2024-10-14,Cloud Tools,3087
2024-10-14,Misc,3955
2024-10-15,Salaries,20573
2024-10-15,Office Rent,10050
2024-10-15,Cloud Tools,4797
2024-10-15,Misc,1523
2024-10-16,Salaries,33876
2024-10-16,Office Rent,9171
2024-10-16,Cloud Tools,5553
2024-10-16,Misc,3693
2024-10-17,Salaries,32371
2024-10-17,Office Rent,9421
2024-10-17,Cloud Tools,5231
2024-10-17,Misc,3216
2024-10-18,Salaries,30347
2024-10-18,Office Rent,10240
2024-10-18,Cloud Tools,3851
2024-10-18,Misc,2383
2024-10-19,Salaries,33406
2024-10-19,Office Rent,11614
2024-10-19,Cloud Tools,4179
2024-10-19,Misc,1271
2024-10-20,Salaries,25856
2024-10-20,Office Rent,11234
2024-10-20,Cloud Tools,5603
2024-10-20,Misc,2859
2024-10-21,Salaries,25001
2024-10-21,Office Rent,8737
2024-10-21,Cloud Tools,5812
2024-10-21,Misc,3792
2024-10-22,Salaries,22818
2024-10-22,Office Rent,8798
2024-10-22,Cloud Tools,4203
2024-10-22,Misc,2246
2024-10-23,Salaries,22163
2024-10-23,Office Rent,8960
2024-10-23,Cloud Tools,6076
2024-10-23,Misc,3820
2024-10-24,Salaries,32353
2024-10-24,Office Rent,8526
2024-10-24,Cloud Tools,3448
2024-10-24,Misc,3148
2024-10-25,Salaries,27434
2024-10-25,Office Rent,10777
2024-10-25,Cloud Tools,5601
2024-10-25,Misc,1065
2024-10-26,Salaries,33661
2024-10-26,Office Rent,11900
2024-10-26,Cloud Tools,4851
2024-10-26,Misc,1119
2024-10-27,Salaries,34580
2024-10-27,Office Rent,8388
2024-10-27,Cloud Tools,3286
2024-10-27,Misc,3847
2024-10-28,Salaries,21790
2024-10-28,Office Rent,8417
2024-10-28,Cloud Tools,6017
2024-10-28,Misc,1350
2024-10-29,Salaries,30394
2024-10-29,Office Rent,9361
2024-10-29,Cloud Tools,6332
2024-10-29,Misc,2552
2024-10-30,Salaries,22250
2024-10-30,Office Rent,8964
2024-10-30,Cloud Tools,4908
2024-10-30,Misc,3487
2024-10-31,Salaries,23237
2024-10-31,Office Rent,10426
2024-10-31,Cloud Tools,6509
2024-10-31,Misc,1047
2024-11-01,Salaries,30468
2024-11-01,Office Rent,11796
2024-11-01,Cloud Tools,4751
2024-11-01,Misc,1989
2024-11-02,Salaries,34287
2024-11-02,Office Rent,9840
2024-11-02,Cloud Tools,5728
2024-11-02,Misc,2298
2024-11-03,Salaries,31376
2024-11-03,Office Rent,9892
2024-11-03,Cloud Tools,3897
2024-11-03,Misc,2738
2024-11-04,Salaries,33856
2024-11-04,Office Rent,8968
2024-11-04,Cloud Tools,6002
2024-11-04,Misc,1645
2024-11-05,Salaries,24106
2024-11-05,Office Rent,11098
2024-11-05,Cloud Tools,5503
2024-11-05,Misc,2964
2024-11-06,Salaries,25150
2024-11-06,Office Rent,10650
2024-11-06,Cloud Tools,4470
2024-11-06,Misc,1964
2024-11-07,Salaries,30830
2024-11-07,Office Rent,10561
2024-11-07,Cloud Tools,3398
2024-11-07,Misc,1386
2024-11-08,Salaries,26761
2024-11-08,Office Rent,11878
2024-11-08,Cloud Tools,4353
2024-11-08,Misc,1137
2024-11-09,Salaries,23751
2024-11-09,Office Rent,10700
2024-11-09,Cloud Tools,4748
2024-11-09,Misc,1481
2024-11-10,Salaries,28491
2024-11-10,Office Rent,8031
2024-11-10,Cloud Tools,5504
2024-11-10,Misc,1541
2024-11-11,Salaries,23456
2024-11-11,Office Rent,9844
2024-11-11,Cloud Tools,6403
2024-11-11,Misc,3091
2024-11-12,Salaries,20546
2024-11-12,Office Rent,8983
2024-11-12,Cloud Tools,5471
2024-11-12,Misc,1044
2024-11-13,Salaries,34267
2024-11-13,Office Rent,8379
2024-11-13,Cloud Tools,3496
2024-11-13,Misc,3931
2024-11-14,Salaries,21915
2024-11-14,Office Rent,8958
2024-11-14,Cloud Tools,5185
2024-11-14,Misc,1407
2024-11-15,Salaries,28376
2024-11-15,Office Rent,8488
2024-11-15,Cloud Tools,5065
2024-11-15,Misc,2720
2024-11-16,Salaries,33383
2024-11-16,Office Rent,10682
2024-11-16,Cloud Tools,3170
2024-11-16,Misc,1399
2024-11-17,Salaries,31784
2024-11-17,Office Rent,11272
2024-11-17,Cloud Tools,4778
2024-11-17,Misc,1238
2024-11-18,Salaries,21340
2024-11-18,Office Rent,9546
2024-11-18,Cloud Tools,6986
2024-11-18,Misc,1319
2024-11-19,Salaries,31813
2024-11-19,Office Rent,10569
2024-11-19,Cloud Tools,5575
2024-11-19,Misc,3524
2024-11-20,Salaries,29540
2024-11-20,Office Rent,9489
2024-11-20,Cloud Tools,6826
2024-11-20,Misc,1758
2024-11-21,Salaries,22089
2024-11-21,Office Rent,8233
2024-11-21,Cloud Tools,3555
2024-11-21,Misc,3484
2024-11-22,Salaries,30146
2024-11-22,Office Rent,8675
2024-11-22,Cloud Tools,6733
2024-11-22,Misc,2303
2024-11-23,Salaries,23275
2024-11-23,Office Rent,10790
2024-11-23,Cloud Tools,3907
2024-11-23,Misc,1802
2024-11-24,Salaries,27473
2024-11-24,Office Rent,8850
2024-11-24,Cloud Tools,3996
2024-11-24,Misc,1845
2024-11-25,Salaries,34294
2024-11-25,Office Rent,10557
2024-11-25,Cloud Tools,4319
2024-11-25,Misc,1021
2024-11-26,Salaries,29902
2024-11-26,Office Rent,9007
2024-11-26,Cloud Tools,5044
2024-11-26,Misc,1241
2024-11-27,Salaries,22890
2024-11-27,Office Rent,10625
2024-11-27,Cloud Tools,4417
2024-11-27,Misc,1452
2024-11-28,Salaries,34842
2024-11-28,Office Rent,9629
2024-11-28,Cloud Tools,5260
2024-11-28,Misc,3456
2024-11-29,Salaries,24717
2024-11-29,Office Rent,8558
2024-11-29,Cloud Tools,6974
2024-11-29,Misc,1871
2024-11-30,Salaries,30907
2024-11-30,Office Rent,10639
2024-11-30,Cloud Tools,4068
2024-11-30,Misc,3754
2024-12-01,Salaries,29452
2024-12-01,Office Rent,10770
2024-12-01,Cloud Tools,5827
2024-12-01,Misc,2802
2024-12-02,Salaries,24602
2024-12-02,Office Rent,11714
2024-12-02,Cloud Tools,6900
2024-12-02,Misc,1449
2024-12-03,Salaries,23639
2024-12-03,Office Rent,9913
2024-12-03,Cloud Tools,5797
2024-12-03,Misc,1537
2024-12-04,Salaries,25973
2024-12-04,Office Rent,11828
2024-12-04,Cloud Tools,4232
2024-12-04,Misc,2313
2024-12-05,Salaries,22545
2024-12-05,Office Rent,11254
2024-12-05,Cloud Tools,6790
2024-12-05,Misc,1715
2024-12-06,Salaries,32687
2024-12-06,Office Rent,9231
2024-12-06,Cloud Tools,4446
2024-12-06,Misc,3631
2024-12-07,Salaries,21459
2024-12-07,Office Rent,8920
2024-12-07,Cloud Tools,6383
2024-12-07,Misc,3386
2024-12-08,Salaries,31410
2024-12-08,Office Rent,10043
2024-12-08,Cloud Tools,4739
2024-12-08,Misc,1456
2024-12-09,Salaries,28168
2024-12-09,Office Rent,9884
2024-12-09,Cloud Tools,4434
2024-12-09,Misc,1644
2024-12-10,Salaries,30521
2024-12-10,Office Rent,8413
2024-12-10,Cloud Tools,4613
2024-12-10,Misc,3210
2024-12-11,Salaries,24938
2024-12-11,Office Rent,9460
2024-12-11,Cloud Tools,6267
2024-12-11,Misc,2651
2024-12-12,Salaries,24256
2024-12-12,Office Rent,8254
2024-12-12,Cloud Tools,4093
2024-12-12,Misc,3459
2024-12-13,Salaries,22761
2024-12-13,Office Rent,10042
2024-12-13,Cloud Tools,3035
2024-12-13,Misc,3777
2024-12-14,Salaries,34301
2024-12-14,Office Rent,8469
2024-12-14,Cloud Tools,3308
2024-12-14,Misc,2921
2024-12-15,Salaries,28672
2024-12-15,Office Rent,11407
2024-12-15,Cloud Tools,4862
2024-12-15,Misc,3751
2024-12-16,Salaries,28980
2024-12-16,Office Rent,8290
2024-12-16,Cloud Tools,3429
2024-12-16,Misc,1597
2024-12-17,Salaries,28050
2024-12-17,Office Rent,8431
2024-12-17,Cloud Tools,4557
2024-12-17,Misc,3693
2024-12-18,Salaries,24600
2024-12-18,Office Rent,11959
2024-12-18,Cloud Tools,3672
2024-12-18,Misc,3854
2024-12-19,Salaries,21578
2024-12-19,Office Rent,9432
2024-12-19,Cloud Tools,4425
2024-12-19,Misc,1040
2024-12-20,Salaries,24479
2024-12-20,Office Rent,10933
2024-12-20,Cloud Tools,4314
2024-12-20,Misc,2815
2024-12-21,Salaries,24278
2024-12-21,Office Rent,10811
2024-12-21,Cloud Tools,4895
2024-12-21,Misc,2063
2024-12-22,Salaries,33910
2024-12-22,Office Rent,11296
2024-12-22,Cloud Tools,4308
2024-12-22,Misc,1137
2024-12-23,Salaries,28526
2024-12-23,Office Rent,8137
2024-12-23,Cloud Tools,4497
2024-12-23,Misc,1487
2024-12-24,Salaries,32863
2024-12-24,Office Rent,10676
2024-12-24,Cloud Tools,6996
2024-12-24,Misc,2633
2024-12-25,Salaries,25265
2024-12-25,Office Rent,8897
2024-12-25,Cloud Tools,5456
2024-12-25,Misc,2533
2024-12-26,Salaries,21108
2024-12-26,Office Rent,9586
2024-12-26,Cloud Tools,6678
2024-12-26,Misc,2032
2024-12-27,Salaries,24954
2024-12-27,Office Rent,9112
2024-12-27,Cloud Tools,4112
2024-12-27,Misc,3266
2024-12-28,Salaries,22889
2024-12-28,Office Rent,8349
2024-12-28,Cloud Tools,6962
2024-12-28,Misc,2923
2024-12-29,Salaries,32692
2024-12-29,Office Rent,11963
2024-12-29,Cloud Tools,6869
2024-12-29,Misc,1042
2024-12-30,Salaries,31737
2024-12-30,Office Rent,9781
2024-12-30,Cloud Tools,5305
2024-12-30,Misc,2878
2024-12-31,Salaries,20851
2024-12-31,Office Rent,11672
2024-12-31,Cloud Tools,4068
2024-12-31,Misc,2013
